image,xmin,ymin,xmax,ymax,label
2021-04-20_1651.jpg,153,372,326.3333333,510,Rufous_Male
2021-04-20_1706.jpg,215.6666667,385.3333333,389,476.6666667,Rufous_Male
2021-04-20_1718.jpg,628.3333333,395.3333333,820,548.6666667,Rufous_Male
2021-04-20_1914.jpg,145,402,362.3333333,502.6666667,Rufous_Male
2021-04-20_1925.jpg,215,394.6666667,389,470,Rufous_Male
2021-04-20_1942.jpg,164.3333333,403.3333333,385.6666667,537.3333333,Rufous_Male
2021-04-20_1944.jpg,157,353.3333333,333,534,Annas_Male
2021-04-20_1950.jpg,579.3333333,380,703,616,Rufous_Female
2021-04-20_1951.jpg,558.6666667,390,708.3333333,616,Rufous_Female
2021-04-20_2004.jpg,172.3333333,407.3333333,390.3333333,523.3333333,Rufous_Male
2021-04-20_2005.jpg,227,372,342.3333333,485.3333333,Rufous_Male
2021-04-21_0852.jpg,379.6666667,405.3333333,473,616,Rufous_Female
2021-04-21_0900.jpg,131,386.6666667,342.3333333,528,Annas_Male
2021-04-21_0909.jpg,294,382.6666667,376.3333333,451.3333333,Rufous_Male
2021-04-21_0919.jpg,198.3333333,385.3333333,347.6666667,491.3333333,Annas_Male
2021-04-21_0949.jpg,175,364,322.3333333,551.3333333,Rufous_Male
2021-04-21_0952.jpg,465,402,691.6666667,614.6666667,Rufous_Female
2021-04-21_1105.jpg,86.33333333,389.3333333,287,489.3333333,Rufous_Male
2021-04-21_1133.jpg,106.3333333,388.6666667,295,489.3333333,Rufous_Male
2021-04-21_1205.jpg,125,385.3333333,242.3333333,510.6666667,Rufous_Male
2021-04-21_1207.jpg,101.6666667,391.3333333,327,590.6666667,Rufous_Male
2021-04-21_1212.jpg,111,386,303,494.6666667,Rufous_Male
2021-04-21_1227.jpg,562.3333333,389.3333333,707.6666667,469.3333333,Rufous_Male
2021-04-21_1227.jpg,129.6666667,394,299,496,Rufous_Female
2021-04-21_1238.jpg,589.6666667,375.3333333,697,510,Rufous_Male
2021-04-21_1339.jpg,232.3333333,372.6666667,299,468,Rufous_Female
2021-04-21_1414.jpg,160.3333333,395.3333333,333.6666667,474.6666667,Rufous_Female
2021-04-21_1415.jpg,195.6666667,366,318.3333333,496.6666667,Rufous_Female
2021-04-21_1426.jpg,114.3333333,409.3333333,323.6666667,589.3333333,Rufous_Male
2021-04-21_1447.jpg,269,387.3333333,410.3333333,459.3333333,Rufous_Male
2021-04-21_1507.jpg,103.6666667,408.6666667,327,579.3333333,Rufous_Male
2021-04-21_1523.jpg,123,374.6666667,289,497.3333333,Rufous_Male
2021-04-21_1602.jpg,85.66666667,381.3333333,327,553.3333333,Rufous_Male
2021-04-21_1616.jpg,131,390,316.3333333,480,Rufous_Male
2021-04-21_1620.jpg,491.6666667,398.6666667,755.6666667,577.3333333,Rufous_Female
2021-04-21_1629.jpg,177.6666667,369.3333333,293,497.3333333,Rufous_Male
2021-04-21_1631.jpg,219.3333333,322.6666667,334.3333333,446.6666667,Annas_Male
2021-04-21_1641.jpg,513.6666667,373.3333333,667.6666667,616,Rufous_Female
2021-04-21_1642.jpg,516.3333333,370,576.3333333,457.3333333,Rufous_Male
2021-04-21_1706.jpg,98.33333333,403.3333333,321.6666667,571.3333333,Rufous_Male
2021-04-21_1720.jpg,685.6666667,266.6666667,802.3333333,370.6666667,Annas_Male
2021-04-21_1723.jpg,199,397.3333333,325.3333333,483.3333333,Rufous_Male
2021-04-21_1815.jpg,573.6666667,360,738.3333333,492.6666667,Rufous_Male
2021-04-21_1825.jpg,577,395.3333333,820,570,Rufous_Male
2021-04-21_1852.jpg,633,376.6666667,763.6666667,472,Rufous_Male
2021-04-21_1857.jpg,518,390.6666667,639,470.6666667,Rufous_Male
2021-04-21_1859.jpg,1.666666667,331.3333333,172,465.3333333,Annas_Male
2021-04-21_1925.jpg,130.3333333,410,327,547.3333333,Rufous_Male
2021-04-21_1947.jpg,134,395.3333333,305.3333333,495.3333333,Rufous_Female
2021-04-21_1951.jpg,265.6666667,377.3333333,336.3333333,472.6666667,Annas_Male
2021-04-21_2003.jpg,488.3333333,422.6666667,678.3333333,586,Rufous_Female
2021-04-21_2004.jpg,576.3333333,394,790.3333333,522,Rufous_Male
2021-04-21_2005.jpg,641.6666667,392,785,543.3333333,Rufous_Male
2021-04-21_2008.jpg,77.66666667,393.3333333,327.6666667,550.6666667,Rufous_Male
2021-04-21_2009.jpg,84.33333333,408.6666667,326.3333333,540.6666667,Rufous_Male
2021-04-21_2010.jpg,95.33333333,401.3333333,323.6666667,576,Rufous_Male
2021-04-21_2012.jpg,213.6666667,358,311,484.6666667,Rufous_Male
2021-04-21_2014.jpg,605.6666667,514.6666667,785,613.3333333,Rufous Male
2021-04-21_2015.jpg,327.6666667,388.6666667,405.6666667,467.3333333,Rufous_Male
2021-04-22_0843.jpg,519,389.3333333,669,474,Rufous_Male
2021-04-22_0852.jpg,157,334.6666667,338.3333333,456.6666667,Annas_Male
2021-04-22_0854.jpg,593.6666667,390,787,528,Rufous_Male
2021-04-22_0854.jpg,186.6666667,368,293.6666667,515.3333333,Rufous_Female
2021-04-22_0855.jpg,174.3333333,391.3333333,343,490,Rufous_Female
2021-04-22_0905.jpg,483.6666667,401.3333333,700.3333333,600.6666667,Rufous_Female
2021-04-22_0937.jpg,132.3333333,309.3333333,233,396.6666667,Annas_Male
2021-04-22_0947.jpg,591,375.3333333,786.3333333,610,Rufous_Male
2021-04-22_0953.jpg,484.3333333,381.3333333,707.6666667,616,Rufous_Female
2021-04-22_0957.jpg,582.3333333,366.6666667,761,538,Rufous_Female
2021-04-22_1006.jpg,486.3333333,413.3333333,639,616,Rufous_Male
2021-04-22_1023.jpg,120,414.6666667,412.3333333,564.6666667,Rufous_Female
2021-04-22_1024.jpg,94.33333333,398,327.3333333,568,Rufous_Female
2021-04-22_1029.jpg,501.6666667,403.3333333,733,610,Rufous_Male
2021-04-22_1038.jpg,485,411.3333333,626.3333333,616,Rufous_Male
2021-04-22_1111.jpg,496.3333333,403.3333333,722.3333333,598.6666667,Rufous_Female
2021-04-22_1120.jpg,515,376,564.3333333,463.3333333,Rufous_Male
2021-04-22_1123.jpg,84.33333333,398.6666667,304,494.6666667,Rufous_Male
2021-04-22_1143.jpg,89.66666667,394.6666667,299,506.6666667,Rufous_Male
2021-04-22_1146.jpg,547.6666667,392,804.3333333,549.3333333,Annas_Male
2021-04-22_1149.jpg,134.3333333,283.3333333,287.6666667,418.6666667,Annas_Male
2021-04-22_1152.jpg,492.3333333,402,655.6666667,616,Rufous_Female
2021-04-22_1159.jpg,562.3333333,387.3333333,802.3333333,552,Rufous_Female
2021-04-22_1201.jpg,517.6666667,391.3333333,677,471.3333333,Rufous_Male
2021-04-22_1205.jpg,568.3333333,380,788.3333333,591.3333333,Rufous_Male
2021-04-22_1233.jpg,175.6666667,392.6666667,331,472,Rufous_Male
2021-04-22_1234.jpg,558.6666667,356.6666667,749,508,Annas_Male
2021-04-22_1237.jpg,459.6666667,379.3333333,628.3333333,607.3333333,Rufous_Male
2021-04-22_1240.jpg,95.66666667,394.6666667,297.6666667,540,Rufous_Female
2021-04-22_1306.jpg,67.66666667,403.3333333,299,527.3333333,Rufous_Male
2021-04-22_1413.jpg,530,358,639,494,Annas_Male
2021-04-22_1425.jpg,507.6666667,394.6666667,756.3333333,590.6666667,Rufous_Male
2021-04-22_1445.jpg,487.6666667,403.3333333,676.3333333,616,Rufous_Female
2021-04-22_1508.jpg,499.6666667,406.6666667,711,610.6666667,Rufous_Female
2021-04-22_1534.jpg,560.3333333,386.6666667,706.3333333,496.6666667,Annas_Male
2021-04-22_1539.jpg,559,399.3333333,777.6666667,552,Rufous_Female
2021-04-22_1554.jpg,558.3333333,408.6666667,791,544,Rufous_Male
2021-04-22_1600.jpg,544.3333333,321.3333333,793,480,Rufous_Male
2021-04-22_1601.jpg,563.6666667,400.6666667,785.6666667,558,Rufous_Female
2021-04-22_1614.jpg,518.3333333,380.6666667,614.3333333,492.6666667,Annas_Male
2021-04-22_1631.jpg,17.66666667,302,265,506,Rufous_Male
2021-04-22_1641.jpg,639.6666667,405.3333333,769.6666667,616,Other
2021-04-22_1709.jpg,492.3333333,401.3333333,699.6666667,616,Rufous_Female
2021-04-22_1710.jpg,484.3333333,396.6666667,660.3333333,616,Rufous_Female
2021-04-22_1803.jpg,567,394,787,494.6666667,Rufous_Male
2021-04-22_1815.jpg,565,399.3333333,777,556,Rufous_Female
2021-04-22_1834.jpg,365.6666667,386.6666667,633,616,Rufous_Female
2021-04-22_1841.jpg,551,390,674.3333333,485.3333333,Rufous_Male
2021-04-22_1903.jpg,551.6666667,392.6666667,793.6666667,558.6666667,Rufous_Female
2021-04-22_1911.jpg,559,408.6666667,775,512.6666667,Rufous_Male
2021-04-22_1912.jpg,219.6666667,314,503,542,Rufous_Male
2021-04-22_1914.jpg,559.6666667,341.3333333,817.6666667,578,Annas_Male
2021-04-22_1923.jpg,274.3333333,396.6666667,397,464,Rufous_Male
2021-04-22_1945.jpg,514.3333333,373.3333333,586.3333333,462,Rufous_Male
2021-04-22_1955.jpg,595.6666667,396.6666667,775.6666667,519.3333333,Rufous_Male
2021-04-22_2004.jpg,565,380.6666667,799.6666667,604,Annas_Male
2021-04-22_2005.jpg,557,374,790.3333333,594.6666667,Annas_Male
2021-04-22_2006.jpg,550.3333333,360,797.6666667,590.6666667,Annas_Male
2021-04-22_2007.jpg,559,368,795,590.6666667,Annas_Male
2021-04-22_2009.jpg,521,382.6666667,693.6666667,466.6666667,Rufous_Male
2021-04-22_2010.jpg,546.3333333,378.6666667,677.6666667,481.3333333,Rufous_Male
2021-04-22_2012.jpg,0,452,157,616,Rufous_Male
2021-04-22_2013.jpg,559.6666667,395.3333333,701.6666667,488,Rufous_Male
2021-04-22_2013.jpg,133,377.3333333,295,610,Rufous_Female
2021-04-22_2014.jpg,496.3333333,415.3333333,742.3333333,600,Rufous_Male
2021-04-22_2015.jpg,175.6666667,373.3333333,308.3333333,498.6666667,Rufous_Male
2021-04-22_2015.jpg,568.3333333,370.6666667,736.3333333,502,Annas_Male
2021-04-22_2016.jpg,553,356,713.6666667,506.6666667,Annas_Male
2021-04-23_0850.jpg,527.6666667,394,699,611.3333333,Rufous_Male
2021-04-23_0901.jpg,62.66666667,327.3333333,301.6666667,464.6666667,Annas_Male
2021-04-23_0916.jpg,558.3333333,394.6666667,793,543.3333333,Rufous_Female
2021-04-23_0917.jpg,558.3333333,400.6666667,790.3333333,543.3333333,Rufous_Female
2021-04-23_0947.jpg,564.3333333,390.6666667,734.3333333,492.6666667,Annas_Male
2021-04-23_0948.jpg,517.6666667,374,597,456.6666667,Rufous_Male
2021-04-23_1003.jpg,480,392,623.6666667,614,Rufous_Male
2021-04-23_1018.jpg,564.3333333,408,805.6666667,540.6666667,Rufous_Male
2021-04-23_1021.jpg,154.3333333,398,298.3333333,488,Rufous_Male
2021-04-23_1047.jpg,485,408,698.3333333,609.3333333,Rufous_Female
2021-04-23_1056.jpg,495,379.3333333,665,616,Rufous_Female
2021-04-23_1059.jpg,508.3333333,398,705.6666667,600.6666667,Rufous_Male
2021-04-23_1119.jpg,515.6666667,392.6666667,569,466,Rufous_Male
2021-04-23_1125.jpg,514.3333333,370.6666667,575,468,Rufous_Male
2021-04-23_1126.jpg,591.6666667,381.3333333,783.6666667,548,Rufous_Female
2021-04-23_1134.jpg,563,389.3333333,763.6666667,512,Rufous_Female
2021-04-23_1158.jpg,517,388,607,466.6666667,Rufous_Male
2021-04-23_1207.jpg,516.3333333,388,645,462.6666667,Rufous_Male
2021-04-23_1207.jpg,564.3333333,404,798.3333333,566,Rufous_Female
2021-04-23_1211.jpg,558.3333333,387.3333333,746.3333333,491.3333333,Rufous_Male
2021-04-23_1214.jpg,564.3333333,334.6666667,795,487.3333333,Rufous_Male
2021-04-23_1219.jpg,557.6666667,401.3333333,761,573.3333333,Rufous_Female
2021-04-23_1224.jpg,561,398.6666667,799,570,Rufous_Female
2021-04-23_1233.jpg,574.3333333,364.6666667,814.3333333,560,Annas_Male
2021-04-23_1306.jpg,134.3333333,369.3333333,273,519.3333333,Rufous_Female
2021-04-23_1310.jpg,582.3333333,379.3333333,786.3333333,578.6666667,Rufous_Female
2021-04-23_1317.jpg,529.6666667,370,741.6666667,613.3333333,Rufous_Female
2021-04-23_1408.jpg,495.6666667,417.3333333,730.3333333,610.6666667,Rufous_Female
2021-04-23_1416.jpg,582.3333333,379.3333333,771,499.3333333,Rufous_Female
2021-04-23_1417.jpg,492.3333333,388.6666667,655.6666667,616,Rufous_Female
2021-04-23_1427.jpg,214.3333333,342,341.6666667,448.6666667,Rufous_Male
2021-04-23_1431.jpg,590.3333333,370.6666667,777,576.6666667,Rufous_Female
2021-04-23_1532.jpg,580.3333333,166,818.3333333,320,Annas_Male
2021-04-23_1611.jpg,555,394.6666667,765.6666667,580.6666667,Rufous_Female
2021-04-23_1630.jpg,556.3333333,403.3333333,803.6666667,568.6666667,Rufous_Female
2021-04-23_1659.jpg,579.6666667,385.3333333,760.3333333,550.6666667,Rufous_Male
2021-04-23_1700.jpg,562.3333333,404.6666667,760.3333333,576,Rufous_Male
2021-04-23_1705.jpg,560.6666667,408,796.3333333,566,Rufous_Female
2021-04-23_1717.jpg,503.6666667,385.3333333,643,616,Rufous_Female
2021-04-23_1729.jpg,492.3333333,414.6666667,697,610,Rufous_Female
2021-04-23_1745.jpg,201.6666667,354.6666667,331.6666667,465.3333333,Rufous_Male
2021-04-23_1754.jpg,513.6666667,388,625,469.3333333,Rufous_Male
2021-04-23_1819.jpg,492.3333333,410,750.3333333,610,Rufous_Female
2021-04-23_1832.jpg,593.6666667,242.6666667,789.6666667,375.3333333,Rufous_Male
2021-04-23_1834.jpg,514.3333333,380.6666667,589,466,Rufous_Male
2021-04-23_1855.jpg,574.3333333,386,812.3333333,555.3333333,Rufous_Male
2021-04-23_1913.jpg,493,418.6666667,718.3333333,590,Rufous_Male
2021-04-23_1914.jpg,575.6666667,375.3333333,750.3333333,608.6666667,Rufous_Female
2021-04-23_1928.jpg,581,401.3333333,810.3333333,544,Rufous_Male
2021-04-23_1942.jpg,560.3333333,395.3333333,786.3333333,550,Rufous_Male
2021-04-23_1950.jpg,493.6666667,421.3333333,657,616,Rufous_Female
2021-04-23_1951.jpg,118.3333333,393.3333333,324.3333333,585.3333333,Rufous_Female
2021-04-23_1954.jpg,524.3333333,416,763.6666667,604.6666667,Rufous_Male
2021-04-23_2009.jpg,561,338,781.6666667,579.3333333,Annas_Male
2021-04-24_0858.jpg,539,377.3333333,766.3333333,604,Rufous_Male
2021-04-24_0909.jpg,483.6666667,406,686.3333333,616,Rufous_Female
2021-04-24_0914.jpg,630.3333333,235.3333333,820,327.3333333,Annas_Male
2021-04-24_0932.jpg,559.6666667,393.3333333,809,546,Rufous_Male
2021-04-24_0933.jpg,609,393.3333333,786.3333333,548,Rufous_Male
2021-04-24_0941.jpg,104.3333333,405.3333333,323,567.3333333,Rufous_Female
2021-04-24_0942.jpg,111.6666667,388,321,591.3333333,Rufous_Female
2021-04-24_1041.jpg,487,414.6666667,725,594,Rufous_Female
2021-04-24_1102.jpg,516.3333333,370,629,483.3333333,Annas_Male
2021-04-24_1104.jpg,137,363.3333333,275,540,Rufous_Female
2021-04-24_1110.jpg,557.6666667,398.6666667,797,522.6666667,Rufous_Male
2021-04-24_1134.jpg,559.6666667,384.6666667,796.3333333,556,Rufous_Female
2021-04-24_1137.jpg,487.6666667,412.6666667,713,595.3333333,Rufous_Female
2021-04-24_1140.jpg,571,366.6666667,774.3333333,534.6666667,Rufous_Male
2021-04-24_1140.jpg,219.6666667,398.6666667,337,462.6666667,Rufous_Male
2021-04-24_1200.jpg,33.66666667,391.3333333,323,543.3333333,Annas_Male
2021-04-24_1231.jpg,167.6666667,398.6666667,412.3333333,584.6666667,Rufous_Female
2021-04-24_1240.jpg,551,400.6666667,744.3333333,564.6666667,Rufous_Female
2021-04-24_1249.jpg,558.3333333,392,768.3333333,521.3333333,Rufous_Female
2021-04-24_1314.jpg,555,392,795.6666667,511.3333333,Rufous_Female
2021-04-24_1343.jpg,494.3333333,383.3333333,755.6666667,608.6666667,Rufous_Female
2021-04-24_1350.jpg,109,370.6666667,279.6666667,613.3333333,Rufous_Female
2021-04-24_1357.jpg,491,403.3333333,667,613.3333333,Rufous_Female
2021-04-24_1418.jpg,518.3333333,260.6666667,623.6666667,363.3333333,Annas_Male
2021-04-24_1419.jpg,165,378,328.3333333,480,Rufous_Male
2021-04-24_1420.jpg,161.6666667,379.3333333,323.6666667,498.6666667,Rufous_Male
2021-04-24_1425.jpg,575,382.6666667,797,555.3333333,Rufous_Male
2021-04-24_1428.jpg,564.3333333,373.3333333,791,614,Rufous_Male
2021-04-24_1434.jpg,123,391.3333333,304.6666667,612.6666667,Rufous_Female
2021-04-24_1503.jpg,123.6666667,389.3333333,292,614,Rufous_Female
2021-04-24_1524.jpg,548.3333333,342,751.6666667,488,Annas_Male
2021-04-24_1532.jpg,497,410.6666667,748.3333333,575.3333333,Rufous_Male
2021-04-24_1543.jpg,557.6666667,398.6666667,791,544.6666667,Rufous_Female
2021-04-24_1600.jpg,185.6666667,411.3333333,404.3333333,612.6666667,Rufous_Female
2021-04-24_1602.jpg,552.3333333,314,752.3333333,468.6666667,Annas_Male
2021-04-24_1627.jpg,559,389.3333333,783.6666667,522.6666667,Rufous_Male
2021-04-24_1644.jpg,485.6666667,406.6666667,643.6666667,616,Rufous_Female
2021-04-24_1650.jpg,596.3333333,222.6666667,791.6666667,358,Annas_Male
2021-04-24_1700.jpg,562.3333333,403.3333333,794.3333333,550,Rufous_Male
2021-04-24_1710.jpg,487,404,655,616,Rufous_Male
2021-04-24_1711.jpg,493.6666667,414.6666667,723,598.6666667,Rufous_Female
2021-04-24_1712.jpg,529,365.3333333,671,616,Rufous_Female
2021-04-24_1717.jpg,505.6666667,354.6666667,667.6666667,446,Annas_Male
2021-04-24_1729.jpg,524.3333333,389.3333333,718.3333333,474,Rufous_Female
2021-04-24_1754.jpg,719,262,820,372,Annas_Male
2021-04-24_1803.jpg,485.6666667,415.3333333,667,583.3333333,Rufous_Female
2021-04-24_1806.jpg,579,260,741.6666667,358,Annas_Male
2021-04-24_1811.jpg,126.3333333,414,325.6666667,595.3333333,Rufous_Female
2021-04-24_1820.jpg,533,390,645,614.6666667,Rufous_Male
2021-04-24_1821.jpg,209,397.3333333,343,471.3333333,Rufous_Male
2021-04-24_1822.jpg,214.3333333,395.3333333,336.3333333,471.3333333,Rufous_Male
2021-04-24_1904.jpg,547.6666667,340,741,462,Annas_Male
2021-04-24_1921.jpg,19,360.6666667,289.6666667,518.6666667,Rufous_Female
2021-04-24_1923.jpg,81.33333333,402,308.6666667,508,Rufous_Male
2021-04-24_1924.jpg,97.66666667,376.6666667,246.3333333,533.3333333,Rufous_Male
2021-04-24_1952.jpg,557,374,803,574.6666667,Annas_Male
2021-04-24_2000.jpg,557.6666667,379.3333333,793,548,Annas_Male
2021-04-24_2001.jpg,566.3333333,364.6666667,797.6666667,566,Annas_Male
2021-04-24_2005.jpg,517.6666667,379.3333333,667.6666667,612,Rufous_Female
2021-04-24_2006.jpg,551,384,690.3333333,616,Rufous_Female
2021-04-24_2008.jpg,559,380,787.6666667,583.3333333,Annas_Male
2021-04-24_2009.jpg,569,381.3333333,713.6666667,493.3333333,Annas_Male
2021-04-24_2010.jpg,578.3333333,392,703,489.3333333,Rufous_Male
2021-04-24_2014.jpg,547.6666667,402.6666667,744.3333333,572,Rufous_Male
2021-04-24_2044.jpg,624.3333333,407.3333333,772.3333333,612,Other
2021-04-25_0933.jpg,563.6666667,382,777,560.6666667,Rufous_Female
2021-04-25_0934.jpg,556.3333333,401.3333333,778.3333333,562,Rufous_Female
2021-04-25_1006.jpg,571.6666667,344,704.3333333,466,Annas_Male
2021-04-25_1020.jpg,507.6666667,268.6666667,601,384.6666667,Annas_Male
2021-04-25_1046.jpg,557.6666667,384.6666667,777.6666667,510,Rufous_Male
2021-04-25_1048.jpg,64.33333333,361.3333333,312.3333333,599.3333333,Annas_Male
2021-04-25_1154.jpg,610.3333333,400.6666667,820,616,Other
2021-04-25_1205.jpg,518.3333333,382,655.6666667,474.6666667,Rufous_Female
2021-04-25_1206.jpg,533.6666667,368,640.3333333,475.3333333,Rufous_Female
2021-04-25_1311.jpg,501.6666667,354,664.3333333,442.6666667,Annas_Male
2021-04-25_1314.jpg,628.3333333,337.3333333,820,458.6666667,Rufous_Female
2021-04-25_1326.jpg,468.3333333,410.6666667,617,598.6666667,Rufous_Male
2021-04-25_1327.jpg,472.3333333,378.6666667,614.3333333,614,Rufous_Male
2021-04-25_1335.jpg,639.6666667,421.3333333,761,616,Other
2021-04-25_1337.jpg,511.6666667,368,612.3333333,465.3333333,Annas_Male
2021-04-25_1353.jpg,549.6666667,350.6666667,729.6666667,484.6666667,Annas_Male
2021-04-25_1408.jpg,537.6666667,337.3333333,745.6666667,464,Annas_Male
2021-04-25_1413.jpg,130,386.6666667,283,616,Rufous_Female
2021-04-25_1434.jpg,111.6666667,399.3333333,304.3333333,518,Rufous_Female
2021-04-25_1438.jpg,525,370,695.6666667,616,Rufous_Female
2021-04-25_1439.jpg,565.6666667,368.6666667,715,525.3333333,Rufous_Female
2021-04-25_1440.jpg,565,396,728.3333333,493.3333333,Rufous_Female
2021-04-25_1504.jpg,562.3333333,394,789,544,Rufous_Female
2021-04-25_1537.jpg,483,426,645,590.6666667,Rufous_Male
2021-04-25_1538.jpg,487,383.3333333,646.3333333,616,Rufous_Male
2021-04-25_1556.jpg,525,376.6666667,691.6666667,616,Rufous_Female
2021-04-25_1558.jpg,573.6666667,383.3333333,781,549.3333333,Rufous_Female
2021-04-25_1600.jpg,193.6666667,394,350.3333333,616,Rufous_Female
2021-04-25_1601.jpg,249,386,373.6666667,616,Rufous_Female
2021-04-25_1610.jpg,559,394,793.6666667,548.6666667,Rufous_Female
2021-04-25_1632.jpg,121,390,295.6666667,614.6666667,Rufous_Female
2021-04-25_1644.jpg,529.3333333,385.3333333,643,490,Rufous_Male
2021-04-25_1651.jpg,571,376,741.6666667,606.6666667,Rufous_Female
2021-04-25_1704.jpg,489.6666667,421.3333333,722.3333333,592,Rufous_Female
2021-04-25_1705.jpg,528.3333333,370.6666667,682.3333333,614,Rufous_Female
2021-04-25_1721.jpg,555,391.3333333,757.6666667,501.3333333,Rufous_Female
2021-04-25_1737.jpg,351.6666667,421.3333333,485,586.6666667,Rufous_Male
2021-04-25_1738.jpg,346.6666667,377.3333333,443.3333333,616,Rufous_Male
2021-04-25_1739.jpg,351.3333333,392,439,614,Rufous_Male
2021-04-25_1740.jpg,346.3333333,384,444.3333333,616,Rufous_Male
2021-04-25_1749.jpg,245,407.3333333,409,614.6666667,Rufous_Female
2021-04-25_1751.jpg,564.3333333,397.3333333,705,484.6666667,Rufous_Female
2021-04-25_1844.jpg,91.66666667,366.6666667,292.3333333,611.3333333,Annas_Male
2021-04-25_1846.jpg,71,394,309.6666667,548.6666667,Rufous_Male
2021-04-25_1847.jpg,76.33333333,382.6666667,297.3333333,566,Rufous_Male
2021-04-25_1849.jpg,490.3333333,409.3333333,667.6666667,616,Rufous_Female
2021-04-25_1854.jpg,489.6666667,421.3333333,719,601.3333333,Rufous_Female
2021-04-25_1943.jpg,88.33333333,382,299,578,Rufous_Female
2021-04-25_1945.jpg,84.33333333,384.6666667,320.3333333,606,Annas_Male
2021-04-25_1946.jpg,125.3333333,383.3333333,316.3333333,616,Annas_Male
2021-04-25_1948.jpg,575,390.6666667,815,534.6666667,Rufous_Male
2021-04-25_1954.jpg,519.6666667,376.6666667,701,616,Rufous_Female
2021-04-25_2000.jpg,571.6666667,376.6666667,780.3333333,533.3333333,Rufous_Male
2021-04-25_2001.jpg,559,398.6666667,785.6666667,531.3333333,Rufous_Male
2021-04-25_2002.jpg,559.6666667,401.3333333,707.6666667,601.3333333,Rufous_Male
2021-04-25_2003.jpg,560.3333333,402.6666667,727,591.3333333,Rufous_Male
2021-04-25_2005.jpg,288.3333333,388,335.6666667,448.6666667,Rufous_Male
2021-04-25_2017.jpg,155,389.3333333,301.6666667,491.3333333,Rufous_Male
2021-04-25_2022.jpg,476.3333333,401.3333333,647.6666667,612.6666667,Rufous_Male
2021-04-25_2023.jpg,555.6666667,402.6666667,797,536.6666667,Rufous_Male
2021-04-25_2025.jpg,169,384.6666667,340,480,Rufous_Male
2021-04-25_2026.jpg,179.6666667,389.3333333,339,470.6666667,Rufous_Male
2021-04-26_0603.jpg,113.6666667,370.6666667,276.3333333,510,Rufous_Male
2021-04-26_0609.jpg,556.3333333,400,775.6666667,574.6666667,Rufous_Female
2021-04-26_0610.jpg,284.3333333,388.6666667,379.6666667,456.6666667,Rufous_Male
2021-04-26_0610.jpg,405,409.3333333,551.6666667,612.6666667,Rufous_Male
2021-04-26_0639.jpg,127.6666667,368.6666667,294.3333333,482,Rufous_Male
2021-04-26_0651.jpg,219,390,332.3333333,471.3333333,Rufous_Male
2021-04-26_0703.jpg,585,376,759.6666667,553.3333333,Rufous_Female
2021-04-26_0704.jpg,582.3333333,376,758.3333333,557.3333333,Rufous_Female
2021-04-26_0738.jpg,131,403.3333333,318.3333333,609.3333333,Rufous_Female
2021-04-26_0811.jpg,491.6666667,417.3333333,789,547.3333333,Rufous_Male
2021-04-26_0825.jpg,541.6666667,376.6666667,711,616,Rufous_Female
2021-04-26_0833.jpg,278.6666667,366.6666667,332.3333333,459.3333333,Rufous_Male
2021-04-26_0850.jpg,509,395.3333333,697.6666667,604,Rufous_Male
2021-04-26_0851.jpg,492.3333333,421.3333333,703.6666667,586,Rufous_Male
2021-04-26_0856.jpg,574.3333333,375.3333333,777,600,Rufous_Female
2021-04-26_0857.jpg,561.6666667,403.3333333,796.3333333,578.6666667,Rufous_Female
2021-04-26_0903.jpg,515.6666667,388.6666667,608.3333333,468,Rufous_Female
2021-04-26_0942.jpg,181,414.6666667,408.6666667,592,Rufous_Female
2021-04-26_0950.jpg,556.3333333,403.3333333,784.3333333,556,Rufous_Female
2021-04-26_0952.jpg,490.3333333,416.6666667,677,594,Rufous_Female
2021-04-26_1004.jpg,535.6666667,242.6666667,676.3333333,340,Annas_Male
2021-04-26_1007.jpg,517,382.6666667,735.6666667,602.6666667,Rufous_Male
2021-04-26_1013.jpg,562.3333333,408.6666667,793.6666667,578.6666667,Rufous_Male
2021-04-26_1019.jpg,562.3333333,403.3333333,803,552.6666667,Rufous_Female
2021-04-26_1020.jpg,618,369.3333333,759,594.6666667,Rufous_Female
2021-04-26_1037.jpg,474.3333333,403.3333333,598.3333333,614.6666667,Rufous_Male
2021-04-26_1040.jpg,567,388.6666667,719.6666667,502.6666667,Rufous_Female
2021-04-26_1042.jpg,219,389.3333333,335.6666667,473.3333333,Rufous_Female
2021-04-26_1101.jpg,524.6666667,386.6666667,702.3333333,616,Rufous_Male
2021-04-26_1151.jpg,141,366.6666667,283,524.6666667,Rufous_Female
2021-04-26_1152.jpg,198.3333333,396,377.6666667,616,Rufous_Male
2021-04-26_1154.jpg,155,405.3333333,326.3333333,616,Annas_Female
2021-04-26_1158.jpg,129.6666667,376.6666667,258.3333333,615.3333333,Rufous_Female
2021-04-26_1210.jpg,86.33333333,410,320.3333333,570.6666667,Rufous_Female
2021-04-26_1213.jpg,585,362.6666667,697,506.6666667,Rufous_Female
2021-04-26_1222.jpg,159.3333333,378,333.6666667,496.6666667,Rufous_Male
2021-04-26_1223.jpg,154.3333333,389.3333333,331.6666667,485.3333333,Rufous_Male
2021-04-26_1228.jpg,487.6666667,424,620.3333333,616,Rufous_Female
2021-04-26_1240.jpg,569.6666667,366,722.3333333,506.6666667,Rufous_Female
2021-04-26_1250.jpg,619.6666667,373.3333333,761,597.3333333,Rufous_Female
2021-04-26_1303.jpg,611.6666667,408,777.6666667,616,Other
2021-04-26_1306.jpg,149,351.3333333,275,522.6666667,Rufous_Female
2021-04-26_1329.jpg,395.6666667,386,679,615.3333333,Rufous_Male
2021-04-26_1343.jpg,491.6666667,417.3333333,728.3333333,576,Rufous_Female
2021-04-26_1348.jpg,561.6666667,403.3333333,789,547.3333333,Rufous_Female
2021-04-26_1402.jpg,488.3333333,410,738.3333333,586.6666667,Rufous_Male
2021-04-26_1404.jpg,161.6666667,397.3333333,300.3333333,487.3333333,Annas_Male
2021-04-26_1412.jpg,137,364,274.3333333,530.6666667,Rufous_Female
2021-04-26_1420.jpg,100,398,319,616,Annas_Male
2021-04-26_1425.jpg,522.3333333,363.3333333,599,464.6666667,Rufous_Female
2021-04-26_1426.jpg,557.6666667,400.6666667,772.3333333,524.6666667,Rufous_Male
2021-04-26_1437.jpg,555,385.3333333,805.6666667,586.6666667,Annas_Male
2021-04-26_1438.jpg,559,401.3333333,795.6666667,546.6666667,Rufous_Female
2021-04-26_1442.jpg,485,422,662.3333333,616,Rufous_Female
2021-04-26_1505.jpg,536.3333333,366.6666667,700.3333333,616,Rufous_Female
2021-04-26_1523.jpg,331,393.3333333,423,616,Rufous_Male
2021-04-26_1524.jpg,324.3333333,394,437,616,Rufous_Male
2021-04-26_1542.jpg,489,415.3333333,761,563.3333333,Rufous_Male
2021-04-26_1545.jpg,584.3333333,377.3333333,757,515.3333333,Rufous_Female
2021-04-26_1548.jpg,560.3333333,404,797.6666667,562,Rufous_Female
2021-04-26_1556.jpg,82.33333333,394,299,550.6666667,Annas_Male
2021-04-26_1622.jpg,513.6666667,386.6666667,681.6666667,616,Rufous_Male
2021-04-26_1627.jpg,101,390.6666667,303,522.6666667,Rufous_Female
2021-04-26_1631.jpg,561.6666667,382,787,545.3333333,Annas_Male
2021-04-26_1637.jpg,101,412,321.6666667,586.6666667,Rufous_Female
2021-04-26_1651.jpg,558.3333333,399.3333333,797.6666667,562,Rufous_Female
2021-04-26_1704.jpg,159.6666667,382.6666667,285.6666667,506.6666667,Rufous_Female
2021-04-26_1705.jpg,170.3333333,392.6666667,304.3333333,488,Rufous_Female
2021-04-26_1725.jpg,557.6666667,405.3333333,804.3333333,523.3333333,Rufous_Male
2021-04-26_1733.jpg,603.6666667,378,759.6666667,551.3333333,Rufous_Female
2021-04-26_1738.jpg,557,392,718.3333333,516,Rufous_Female
2021-04-26_1810.jpg,544.3333333,351.3333333,681.6666667,504,Annas_Male
2021-04-26_1811.jpg,185.6666667,386,276.3333333,498,Rufous_Male
2021-04-26_1812.jpg,168.3333333,387.3333333,333,489.3333333,Rufous_Male
2021-04-26_1833.jpg,136.3333333,390,285.6666667,610,Rufous_Female
2021-04-26_1838.jpg,563.6666667,396,743.6666667,508.6666667,Rufous_Female
2021-04-26_1850.jpg,560.3333333,411.3333333,793.6666667,555.3333333,Rufous_Male
2021-04-26_1850.jpg,513,392,629,465.3333333,Rufous_Female
2021-04-26_1854.jpg,556.3333333,377.3333333,750.3333333,614.6666667,Rufous_Female
2021-04-26_1855.jpg,561,386,758.3333333,532,Annas_Male
2021-04-26_1856.jpg,184.3333333,377.3333333,327,504.6666667,Rufous_Male
2021-04-26_1909.jpg,76.33333333,392.6666667,303,559.3333333,Annas_Male
2021-04-26_1925.jpg,573,386,771.6666667,600,Rufous_Female
2021-04-26_1929.jpg,557,388.6666667,806.3333333,589.3333333,Annas_Male
2021-04-26_1931.jpg,538.3333333,366.6666667,635.6666667,476,Rufous_Female
2021-04-26_1935.jpg,274.6666667,387.3333333,334.3333333,470,Rufous_Female
2021-04-26_1938.jpg,101,378,280.3333333,602.6666667,Rufous_Female
2021-04-26_1939.jpg,108.3333333,394,302.3333333,513.3333333,Rufous_Female
2021-04-26_1942.jpg,537.6666667,370,630.3333333,471.3333333,Rufous_Female
2021-04-26_1943.jpg,92.33333333,397.3333333,318.3333333,570.6666667,Rufous_Female
2021-04-26_1944.jpg,95.33333333,380.6666667,296.3333333,592.6666667,Rufous_Female
2021-04-26_1958.jpg,607,403.3333333,752.3333333,561.3333333,Rufous_Male
2021-04-26_1959.jpg,548.3333333,392.6666667,787.6666667,528.6666667,Rufous_Female
2021-04-26_1959.jpg,0,260,169.6666667,433.3333333,Annas_Male
2021-04-26_2014.jpg,558.3333333,406.6666667,797,546.6666667,Rufous_Male
2021-04-26_2016.jpg,559.6666667,403.3333333,692.3333333,482.6666667,Rufous_Male
2021-04-26_2017.jpg,511,397.3333333,669,614.6666667,Rufous_Female
2021-04-26_2020.jpg,82.33333333,375.3333333,303.6666667,540.6666667,Annas_Male
2021-04-26_2021.jpg,80.33333333,388,298.3333333,526,Annas_Male
2021-04-27_0917.jpg,81,411.3333333,325.6666667,568.6666667,Rufous_Female
2021-04-27_0921.jpg,142.3333333,412,403.6666667,592.6666667,Rufous_Female
2021-04-27_0923.jpg,481.6666667,424.6666667,646.3333333,612,Rufous_Female
2021-04-27_0928.jpg,572.3333333,386.6666667,787.6666667,570.6666667,Rufous_Male
2021-04-27_0929.jpg,520.3333333,377.3333333,678.3333333,616,Rufous_Female
2021-04-27_0941.jpg,107.6666667,378,273.6666667,536,Rufous_Female
2021-04-27_0945.jpg,237.6666667,414,402.3333333,616,Rufous_Female
2021-04-27_0947.jpg,135.6666667,381.3333333,293,530.6666667,Rufous_Male
2021-04-27_0952.jpg,485,409.3333333,631,616,Rufous_Male
2021-04-27_0954.jpg,483,410.6666667,635,616,Rufous_Male
2021-04-27_1021.jpg,83.66666667,390,301.6666667,552,Annas_Male
2021-04-27_1027.jpg,549.6666667,383.3333333,691,616,Rufous_Male
2021-04-27_1028.jpg,221,396.6666667,335.6666667,473.3333333,Rufous_Female
2021-04-27_1029.jpg,561,409.3333333,814.3333333,522,Rufous_Male
2021-04-27_1030.jpg,134.3333333,412,397,586,Rufous_Female
2021-04-27_1033.jpg,560.3333333,390,703.6666667,482.6666667,Rufous_Female
2021-04-27_1039.jpg,133,410,321,594.6666667,Rufous_Female
2021-04-27_1047.jpg,286.3333333,365.3333333,349,452.6666667,Rufous_Female
2021-04-27_1052.jpg,180.3333333,415.3333333,410.3333333,615.3333333,Annas_Male
2021-04-27_1100.jpg,102.3333333,387.3333333,287,599.3333333,Rufous_Female
2021-04-27_1116.jpg,479.6666667,412.6666667,641.6666667,614,Rufous_Female
2021-04-27_1117.jpg,147,357.3333333,326.3333333,485.3333333,Annas_Male
2021-04-27_1123.jpg,539.6666667,389.3333333,617,467.3333333,Rufous_Male
2021-04-27_1124.jpg,266.3333333,392,337,462.6666667,Rufous_Male
2021-04-27_1126.jpg,565.6666667,395.3333333,739,499.3333333,Rufous_Female
2021-04-27_1127.jpg,599.3333333,378,727.6666667,517.3333333,Rufous_Female
2021-04-27_1130.jpg,574.3333333,388.6666667,793.6666667,535.3333333,Rufous_Female
2021-04-27_1137.jpg,129.6666667,377.3333333,311,586,Rufous_Female
2021-04-27_1138.jpg,118,410,322.3333333,576.6666667,Rufous_Female
2021-04-27_1142.jpg,527.6666667,377.3333333,589.6666667,468.6666667,Rufous_Male
2021-04-27_1143.jpg,486.3333333,426.6666667,732.3333333,590.6666667,Rufous_Female
2021-04-27_1144.jpg,493,410,701,613.3333333,Rufous_Female
2021-04-27_1145.jpg,122.3333333,391.3333333,305.6666667,616,Rufous_Female
2021-04-27_1146.jpg,133.6666667,378,273,616,Rufous_Female
2021-04-27_1154.jpg,209,352,289,507.3333333,Annas_Male
2021-04-27_1155.jpg,631,420.6666667,760.3333333,616,Other
2021-04-27_1209.jpg,566.3333333,388,757.6666667,498.6666667,Rufous_Male
2021-04-27_1210.jpg,559.6666667,394.6666667,736.3333333,490,Rufous_Female
2021-04-27_1216.jpg,225.3333333,374,323,475.3333333,Rufous_Male
2021-04-27_1223.jpg,86.33333333,411.3333333,319.6666667,575.3333333,Rufous_Female
2021-04-27_1230.jpg,178.3333333,387.3333333,342.3333333,482.6666667,Annas_Male
2021-04-27_1236.jpg,217.6666667,393.3333333,338.3333333,474,Annas_Male
2021-04-27_1237.jpg,269.6666667,372,333.6666667,462,Rufous_Male
2021-04-27_1243.jpg,491,420,729,604.6666667,Rufous_Female
2021-04-27_1246.jpg,203,375.3333333,341,480.6666667,Annas_Male
2021-04-27_1251.jpg,504.3333333,384.6666667,679,616,Rufous_Female
2021-04-27_1252.jpg,552.3333333,366,695,612.6666667,Rufous_Female
2021-04-27_1302.jpg,559.6666667,395.3333333,735.6666667,514,Rufous_Female
2021-04-27_1304.jpg,113,359.3333333,239.6666667,534,Rufous_Female
2021-04-27_1305.jpg,561,410,801,558,Rufous_Female
2021-04-27_1307.jpg,559.6666667,394.6666667,704.3333333,486.6666667,Rufous_Female
2021-04-27_1330.jpg,573,382.6666667,787.6666667,556,Rufous_Female
2021-04-27_1330.jpg,91.66666667,376.6666667,292.3333333,596.6666667,Rufous_Female
2021-04-27_1331.jpg,562.3333333,400,789.6666667,532.6666667,Rufous_Male
2021-04-27_1336.jpg,575.6666667,385.3333333,797,539.3333333,Rufous_Male
2021-04-27_1338.jpg,597,358,776.3333333,566,Rufous_Female
2021-04-27_1343.jpg,102,373.3333333,289,527.3333333,Annas_Male
2021-04-27_1355.jpg,107,381.3333333,276.3333333,581.3333333,Rufous_Female
2021-04-27_1403.jpg,510.3333333,387.3333333,639.6666667,470,Rufous_Male
2021-04-27_1407.jpg,201,389.3333333,331.6666667,492,Annas_Male
2021-04-27_1412.jpg,553,403.3333333,758.3333333,576,Rufous_Male
2021-04-27_1423.jpg,231.6666667,394,332.3333333,478.6666667,Rufous_Female
2021-04-27_1424.jpg,101.6666667,332,274.3333333,571.3333333,Annas_Male
2021-04-27_1430.jpg,218.3333333,424.6666667,409.6666667,606,Rufous_Female
2021-04-27_1434.jpg,396.3333333,398,539,616,Rufous_Male
2021-04-27_1436.jpg,107.6666667,402,320.3333333,589.3333333,Rufous_Female
2021-04-27_1444.jpg,135.6666667,400.6666667,301.6666667,495.3333333,Rufous_Female
2021-04-27_1445.jpg,122.3333333,368.6666667,271.6666667,529.3333333,Rufous_Female
2021-04-27_1449.jpg,581,374.6666667,771,570,Rufous_Female
2021-04-27_1458.jpg,80.33333333,390.6666667,303,557.3333333,Annas_Male
2021-04-27_1500.jpg,560.3333333,400,688.3333333,479.3333333,Rufous_Male
2021-04-27_1511.jpg,123.6666667,368.6666667,268.3333333,611.3333333,Annas_Male
2021-04-27_1520.jpg,159,395.3333333,336.3333333,504.6666667,Annas_Male
2021-04-27_1527.jpg,100.3333333,375.3333333,329.6666667,600,Rufous_Female
2021-04-27_1537.jpg,99.66666667,356.6666667,278.3333333,563.3333333,Annas_Male
2021-04-27_1548.jpg,597,361.3333333,775.6666667,614,Rufous_Female
2021-04-27_1549.jpg,615.6666667,371.3333333,744.3333333,612.6666667,Rufous_Female
2021-04-27_1554.jpg,587,379.3333333,711.6666667,494,Rufous_Male
2021-04-27_1555.jpg,112.3333333,376,263,612.6666667,Rufous_Female
2021-04-27_1601.jpg,116.3333333,362,275.3333333,520,Rufous_Female
2021-04-27_1602.jpg,535,370,593,458.6666667,Rufous_Male
2021-04-27_1607.jpg,106.3333333,368.6666667,296.3333333,570.6666667,Annas_Male
2021-04-27_1636.jpg,105.6666667,380.6666667,287,554,Rufous_Female
2021-04-27_1646.jpg,561,384.6666667,748.3333333,492,Rufous_Male
2021-04-27_1659.jpg,107,354,279.6666667,566,Annas_Male
2021-04-27_1700.jpg,101.6666667,373.3333333,321.6666667,562.6666667,Rufous_Female
2021-04-27_1704.jpg,492.3333333,412,691,616,Rufous_Female
2021-04-27_1731.jpg,216.6666667,382,332.3333333,506,Annas_Male
2021-04-27_1732.jpg,123.6666667,365.3333333,280.3333333,591.3333333,Rufous_Female
2021-04-27_1752.jpg,287,390,343,453.3333333,Rufous_Female
2021-04-27_1753.jpg,547.6666667,402.6666667,805.6666667,532,Rufous_Male
2021-04-27_1805.jpg,125,390,305,616,Rufous_Female
2021-04-27_1811.jpg,110.3333333,409.3333333,319,574.6666667,Rufous_Female
2021-04-27_1818.jpg,580.3333333,378.6666667,788.3333333,521.3333333,Rufous_Male
2021-04-27_1823.jpg,515.6666667,394,748.3333333,604.6666667,Rufous_Female
2021-04-27_1838.jpg,557.6666667,397.3333333,711,492,Rufous_Male
2021-04-27_1842.jpg,99.66666667,378,273.6666667,566,Rufous_Female
2021-04-27_1844.jpg,257,418,400.3333333,610.6666667,Rufous_Male
2021-04-27_1855.jpg,485.6666667,425.3333333,622.3333333,612.6666667,Rufous_Female
2021-04-27_1858.jpg,559,396.6666667,723,495.3333333,Rufous_Male
2021-04-27_1901.jpg,101.6666667,381.3333333,299,570,Rufous_Female
2021-04-27_1902.jpg,91,398,325,570,Rufous_Female
2021-04-27_1916.jpg,101.6666667,400,323,590,Rufous_Female
2021-04-27_1924.jpg,133,402.6666667,305.6666667,516,Rufous_Female
2021-04-27_1940.jpg,100,358,275,568,Annas_Male
2021-04-27_1942.jpg,581,375.3333333,715,494,Rufous_Male
2021-04-27_1955.jpg,491.6666667,414.6666667,705.6666667,606,Rufous_Male
2021-04-27_1959.jpg,87,389.3333333,305,563.3333333,Annas_Male
2021-04-27_2001.jpg,95,384.6666667,309.6666667,552,Annas_Male
2021-04-27_2002.jpg,92.33333333,382,303,550,Annas_Male
2021-04-27_2010.jpg,287,366.6666667,351,470.6666667,Rufous_Male
2021-04-27_2011.jpg,263.6666667,386.6666667,387.6666667,458.6666667,Rufous_Male
2021-04-27_2012.jpg,278.3333333,368.6666667,352.3333333,467.3333333,Rufous_Male
2021-04-27_2016.jpg,352.3333333,391.3333333,439.6666667,616,Rufous_Male
2021-04-28_0857.jpg,116.3333333,388,317,612,Rufous_Female
2021-04-28_0901.jpg,105.6666667,380.6666667,299.6666667,582.6666667,Rufous_Female
2021-04-28_0909.jpg,222.3333333,395.3333333,335,474.6666667,Rufous_Male
2021-04-28_0918.jpg,557,390,738.3333333,491.3333333,Rufous_Female
2021-04-28_0921.jpg,566.3333333,391.3333333,786.3333333,554,Rufous_Male
2021-04-28_0922.jpg,559.6666667,397.3333333,714.3333333,498.6666667,Rufous_Female
2021-04-28_0938.jpg,133.6666667,390,268.3333333,616,Rufous_Female
2021-04-28_0945.jpg,550.3333333,376,777.6666667,574.6666667,Rufous_Female
2021-04-28_0948.jpg,85.66666667,397.3333333,303,534,Rufous_Female
2021-04-28_1001.jpg,110.3333333,405.3333333,310.3333333,518.6666667,Rufous_Female
2021-04-28_1002.jpg,125,406,322.3333333,588.6666667,Rufous_Male
2021-04-28_1008.jpg,96.33333333,420.6666667,329,562,Rufous_Female
2021-04-28_1009.jpg,143.6666667,390,305,506,Rufous_Female
2021-04-28_1016.jpg,104.3333333,375.3333333,262.3333333,594,Rufous_Female
2021-04-28_1026.jpg,564.3333333,394,803,567.3333333,Rufous_Female
2021-04-28_1026.jpg,206.3333333,380,333,489.3333333,Annas_Male
2021-04-28_1029.jpg,211.6666667,394,343,469.3333333,Rufous_Female
2021-04-28_1031.jpg,525.6666667,385.3333333,577,456.6666667,Rufous_Male
2021-04-28_1031.jpg,89.66666667,400,313.6666667,594.6666667,Rufous_Female
2021-04-28_1035.jpg,152.6666667,408,322,616,Rufous_Male
2021-04-28_1039.jpg,83.66666667,400.6666667,304.3333333,552.6666667,Annas_Male
2021-04-28_1041.jpg,101.6666667,365.3333333,255,612.6666667,Rufous_Female
2021-04-28_1055.jpg,29.66666667,348,201.6666667,504,Rufous_Male
2021-04-28_1102.jpg,561.6666667,373.3333333,817,494.6666667,Rufous_Female
2021-04-28_1105.jpg,228.3333333,358,351.6666667,439.3333333,Rufous_Female
2021-04-28_1124.jpg,555,394,722.3333333,483.3333333,Rufous_Male
2021-04-28_1130.jpg,469,404,609.6666667,613.3333333,Rufous_Male
2021-04-28_1131.jpg,588.3333333,370.6666667,797,578.6666667,Rufous_Male
2021-04-28_1136.jpg,111,383.3333333,287,609.3333333,Rufous_Female
2021-04-28_1140.jpg,204.3333333,372,334.3333333,492.6666667,Rufous_Male
2021-04-28_1141.jpg,641.6666667,408,789,616,Other
2021-04-28_1143.jpg,133,362,296.6666667,508.6666667,Rufous_Female
2021-04-28_1147.jpg,99,388.6666667,301.6666667,543.3333333,Rufous_Female
2021-04-28_1151.jpg,556.3333333,396,774.3333333,512,Rufous_Male
2021-04-28_1203.jpg,99.66666667,395.3333333,324.3333333,586.6666667,Rufous_Female
2021-04-28_1212.jpg,99.66666667,405.3333333,319.6666667,579.3333333,Rufous_Female
2021-04-28_1217.jpg,697,402.6666667,820,616,Other
2021-04-28_1219.jpg,493,400.6666667,714.3333333,610.6666667,Rufous_Female
2021-04-28_1224.jpg,113,388.6666667,299,516.6666667,Rufous_Male
2021-04-28_1224.jpg,510.3333333,368,591.6666667,459.3333333,Rufous_Male
2021-04-28_1231.jpg,82.33333333,394.6666667,326,557.3333333,Rufous_Female
2021-04-28_1242.jpg,79.66666667,404.6666667,321.6666667,561.3333333,Rufous_Female
2021-04-28_1244.jpg,551,399.3333333,724.3333333,585.3333333,Rufous_Male
2021-04-28_1254.jpg,561.6666667,401.3333333,793.6666667,575.3333333,Rufous_Female
2021-04-28_1254.jpg,74.33333333,409.3333333,320.3333333,570,Rufous_Male
2021-04-28_1306.jpg,519,380,583,478.6666667,Rufous_Male
2021-04-28_1315.jpg,131,384.6666667,325.6666667,612,Rufous_Female
2021-04-28_1317.jpg,558.3333333,391.3333333,742.3333333,613.3333333,Rufous_Male
2021-04-28_1321.jpg,597.6666667,381.3333333,775,604,Rufous_Female
2021-04-28_1322.jpg,506.3333333,364.6666667,555.6666667,445.3333333,Rufous_Male
2021-04-28_1327.jpg,559,400,758.3333333,551.3333333,Rufous_Female
2021-04-28_1328.jpg,571.6666667,361.3333333,791,543.3333333,Rufous_Male
2021-04-28_1329.jpg,97,394.6666667,309,514,Rufous_Female
2021-04-28_1340.jpg,99,416,326.3333333,574.6666667,Rufous_Female
2021-04-28_1352.jpg,509,338.6666667,657,455.3333333,Rufous_Male
2021-04-28_1359.jpg,585,369.3333333,775.6666667,549.3333333,Rufous_Female
2021-04-28_1404.jpg,88,406.6666667,329,576,Rufous_Female
2021-04-28_1406.jpg,76.33333333,378.6666667,301.6666667,525.3333333,Annas_Male
2021-04-28_1413.jpg,472.3333333,412,620.3333333,609.3333333,Rufous_Male
2021-04-28_1418.jpg,101.6666667,416.6666667,325,572.6666667,Rufous_Female
2021-04-28_1419.jpg,141,366.6666667,315,613.3333333,Rufous_Female
2021-04-28_1424.jpg,110.3333333,351.3333333,281,522,Rufous_Female
2021-04-28_1429.jpg,80.33333333,408.6666667,323,567.3333333,Rufous_Male
2021-04-28_1430.jpg,187.6666667,379.3333333,335.6666667,482,Rufous_Male
2021-04-28_1437.jpg,117.6666667,372.6666667,249.6666667,596.6666667,Rufous_Female
2021-04-28_1438.jpg,118.3333333,373.3333333,261.6666667,595.3333333,Rufous_Female
2021-04-28_1440.jpg,220.6666667,405.3333333,407.6666667,616,Rufous_Male
2021-04-28_1446.jpg,579,370,783.6666667,568,Rufous_Female
2021-04-28_1446.jpg,186.3333333,412,398.3333333,608,Rufous_Female
2021-04-28_1502.jpg,230.3333333,380.6666667,337.6666667,504.6666667,Annas_Male
2021-04-28_1522.jpg,101,366.6666667,279,540,Rufous_Female
2021-04-28_1532.jpg,89,408.6666667,318.3333333,536,Rufous_Female
2021-04-28_1542.jpg,561.6666667,393.3333333,681.6666667,494,Rufous_Male
2021-04-28_1544.jpg,529,365.3333333,581.6666667,451.3333333,Rufous_Male
2021-04-28_1544.jpg,88.33333333,394.6666667,315,565.3333333,Rufous_Female
2021-04-28_1556.jpg,101,398.6666667,323.6666667,556,Rufous_Male
2021-04-28_1559.jpg,481,420.6666667,721.6666667,594,Rufous_Female
2021-04-28_1604.jpg,559.6666667,398,796.3333333,559.3333333,Rufous_Female
2021-04-28_1606.jpg,114.3333333,399.3333333,318.3333333,590,Rufous_Female
2021-04-28_1619.jpg,585.6666667,370,745,510,Rufous_Female
2021-04-28_1624.jpg,561.6666667,394.6666667,692.3333333,484.6666667,Rufous_Male
2021-04-28_1624.jpg,91,377.3333333,281.6666667,588,Rufous_Female
2021-04-28_1642.jpg,77.66666667,393.3333333,305,538,Annas_Male
2021-04-28_1650.jpg,149.6666667,380,271.6666667,500.6666667,Rufous_Female
2021-04-28_1703.jpg,569.6666667,362,726.3333333,509.3333333,Rufous_Male
2021-04-28_1705.jpg,103,410.6666667,318.3333333,589.3333333,Rufous_Female
2021-04-28_1711.jpg,607,380.6666667,741.6666667,600.6666667,Rufous_Female
2021-04-28_1712.jpg,601,386.6666667,735.6666667,595.3333333,Rufous_Female
2021-04-28_1719.jpg,563,400,713.6666667,494.6666667,Rufous_Female
2021-04-28_1746.jpg,91,407.3333333,318.3333333,552,Rufous_Female
2021-04-28_1747.jpg,192.3333333,407.3333333,406.3333333,606,Rufous_Male
2021-04-28_1751.jpg,135.6666667,374.6666667,281.6666667,508.6666667,Rufous_Female
2021-04-28_1804.jpg,530.3333333,386.6666667,738.3333333,551.3333333,Rufous_Female
2021-04-28_1809.jpg,196,364,373.6666667,616,Rufous_Female
2021-04-28_1814.jpg,409.6666667,380,665,570,Rufous_Male
2021-04-28_1819.jpg,214.3333333,398,365.6666667,574.6666667,Rufous_Male
2021-04-28_1821.jpg,212.3333333,372,302.3333333,487.3333333,Rufous_Female
2021-04-28_1833.jpg,534.3333333,399.3333333,721.6666667,568.6666667,Rufous_Female
2021-04-28_1840.jpg,187,391.3333333,287,492,Rufous_Female
2021-04-28_1853.jpg,531.6666667,396.6666667,720.3333333,612,Rufous_Female
2021-04-28_1855.jpg,533.6666667,393.3333333,778.3333333,506.6666667,Rufous_Female
2021-04-28_1855.jpg,124.3333333,386,298.3333333,521.3333333,Rufous_Female
2021-04-28_1905.jpg,583,374,775,516,Rufous_Male
2021-04-28_1906.jpg,588.3333333,380.6666667,767.6666667,501.3333333,Rufous_Male
2021-04-28_1907.jpg,543,392,774.3333333,498,Rufous_Male
2021-04-28_1923.jpg,509.6666667,370.6666667,685.6666667,610.6666667,Rufous_Male
2021-04-28_1953.jpg,302.6666667,387.3333333,347,451.3333333,Rufous_Male
2021-04-28_2008.jpg,71.66666667,413.3333333,296.3333333,562.6666667,Rufous_Male
2021-04-28_2009.jpg,74.33333333,408.6666667,304.3333333,564,Rufous_Male
2021-04-29_1126.jpg,436.3333333,410.6666667,651,580,Rufous_Female
2021-04-29_1131.jpg,87.66666667,373.3333333,279.6666667,572.6666667,Rufous_Female
2021-04-29_1139.jpg,99,394.6666667,298.3333333,540,Annas_Male
2021-04-29_1140.jpg,115,398.6666667,299,515.3333333,Rufous_Female
2021-04-29_1148.jpg,523,386,636.3333333,464.6666667,Rufous_Female
2021-04-29_1152.jpg,528.3333333,401.3333333,791.6666667,531.3333333,Rufous_Female
2021-04-29_1203.jpg,429.3333333,397.3333333,561,585.3333333,Rufous_Female
2021-04-29_1208.jpg,89,404,295,517.3333333,Rufous_Male
2021-04-29_1215.jpg,557,355.3333333,727,504.6666667,Rufous_Female
2021-04-29_1242.jpg,112.3333333,395.3333333,298.3333333,537.3333333,Annas_Male
2021-04-29_1309.jpg,88.33333333,376,298.3333333,568.6666667,Rufous_Female
2021-04-29_1338.jpg,219,392.6666667,341,494,Annas_Male
2021-04-29_1339.jpg,77,368,289,542,Rufous_Female
2021-04-29_1353.jpg,78.33333333,378.6666667,283.6666667,518.6666667,Rufous_Male
2021-04-29_1401.jpg,141,394,302.3333333,502.6666667,Rufous_Female
2021-04-29_1402.jpg,165.6666667,408,358.6666667,599.3333333,Rufous_Female
2021-04-29_1410.jpg,281,408,372,593.3333333,Rufous_Male
2021-04-29_1418.jpg,99.66666667,374,271.6666667,576,Rufous_Female
2021-04-29_1427.jpg,96.33333333,392,295.6666667,542,Annas_Male
2021-04-29_1444.jpg,545,312,637,385.3333333,Rufous_Male
2021-04-29_1444.jpg,157,377.3333333,382.3333333,615.3333333,Rufous_Female
2021-04-29_1450.jpg,159,371.3333333,329,616,Rufous_Male
2021-04-29_1502.jpg,136,378,335,616,Rufous_Female
2021-04-29_1513.jpg,526.3333333,385.3333333,647.6666667,471.3333333,Rufous_Female
2021-04-29_1521.jpg,117,366.6666667,296,539.3333333,Annas_Male
2021-04-29_1524.jpg,215,396,345.6666667,478,Rufous_Female
2021-04-29_1536.jpg,530.3333333,351.3333333,749,575.3333333,Rufous_Female
2021-04-29_1537.jpg,579.6666667,336,717,594.6666667,Rufous_Female
2021-04-29_1538.jpg,50.33333333,405.3333333,297.6666667,551.3333333,Rufous_Male
2021-04-29_1546.jpg,260,390,347.6666667,478.6666667,Annas_Male
2021-04-29_1550.jpg,555.6666667,375.3333333,753,491.3333333,Rufous_Female
2021-04-29_1551.jpg,78.33333333,405.3333333,298.3333333,556,Rufous_Female
2021-04-29_1554.jpg,479.6666667,376.6666667,545.6666667,458,Rufous_Female
2021-04-29_1557.jpg,3,269.3333333,139.6666667,420.6666667,Rufous_Male
2021-04-29_1629.jpg,528.3333333,382,669.6666667,472,Rufous_Female
2021-04-29_1632.jpg,523,365.3333333,637.6666667,463.3333333,Rufous_Female
2021-04-29_1635.jpg,166.3333333,402,358,616,Rufous_Female
2021-04-29_1636.jpg,99,391.3333333,293.6666667,595.3333333,Rufous_Female
2021-04-29_1637.jpg,105,372,293,599.3333333,Rufous_Female
2021-04-29_1656.jpg,83,394.6666667,299.6666667,573.3333333,Rufous_Female
2021-04-29_1657.jpg,107.6666667,370.6666667,287.6666667,603.3333333,Rufous_Female
2021-04-29_1704.jpg,471,372,548.3333333,446.6666667,Rufous_Female
2021-04-29_1707.jpg,570.3333333,370,760.3333333,490,Rufous_Male
2021-04-29_1720.jpg,533,398.6666667,699.6666667,578,Rufous_Female
2021-04-29_1727.jpg,81.66666667,394.6666667,300.3333333,548,Annas_Male
2021-04-29_1738.jpg,555,392,771.6666667,497.3333333,Rufous_Female
2021-04-29_1751.jpg,536.6666667,365.3333333,765,568.6666667,Rufous_Female
2021-04-29_1752.jpg,433.6666667,398,546.3333333,590.6666667,Rufous_Male
2021-04-29_1801.jpg,155,400.6666667,297.6666667,495.3333333,Rufous_Female
2021-04-29_1802.jpg,627,374,739.6666667,509.3333333,Rufous_Female
2021-04-29_1817.jpg,120.3333333,405.3333333,305.6666667,509.3333333,Rufous_Female
2021-04-29_1823.jpg,125,401.3333333,297.6666667,514.6666667,Rufous_Female
2021-04-29_1843.jpg,626.3333333,404,788.3333333,616,Other
2021-04-29_1849.jpg,581.6666667,346.6666667,790.3333333,599.3333333,Annas_Male
2021-04-29_1858.jpg,518.3333333,374.6666667,623.6666667,454.6666667,Rufous_Female
2021-04-29_1858.jpg,160.3333333,372,283,502,Rufous_Female
2021-04-29_1900.jpg,83,414.6666667,301.3333333,588.6666667,Rufous_Male
2021-04-29_1905.jpg,389.6666667,394.6666667,481.6666667,598.6666667,Rufous_Male
2021-04-29_1917.jpg,566.3333333,367.3333333,715,494,Rufous_Female
2021-04-29_1922.jpg,558.3333333,345.3333333,775,614.6666667,Annas_Male
2021-04-29_1924.jpg,539,395.3333333,786.3333333,540.6666667,Rufous_Male
2021-04-29_1933.jpg,116.3333333,398,301.6666667,526,Rufous_Female
2021-04-29_1934.jpg,120.3333333,371.3333333,257,538.6666667,Rufous_Female
2021-04-29_1937.jpg,103,364,236.3333333,468,Annas_Male
2021-04-29_1939.jpg,107,405.3333333,299.6666667,516.6666667,Rufous_Female
2021-04-29_1940.jpg,136.3333333,380,271.6666667,528,Rufous_Female
2021-04-29_1945.jpg,103.6666667,390.6666667,299,616,Rufous_Male
2021-04-29_1955.jpg,104.3333333,386,269,532,Rufous_Female
2021-04-29_1956.jpg,555.6666667,390.6666667,767.6666667,532.6666667,Rufous_Male
2021-04-29_1959.jpg,196.3333333,388,278.3333333,482.6666667,Rufous_Female
2021-04-29_2001.jpg,554.3333333,368.6666667,691.6666667,564,Rufous_Male
2021-04-29_2002.jpg,172.3333333,368.6666667,301.6666667,456,Rufous_Female
2021-04-29_2007.jpg,114.3333333,354,276.3333333,534,Annas_Male
2021-04-29_2008.jpg,131,390.6666667,296.3333333,529.3333333,Annas_Male
2021-04-30_0942.jpg,547.6666667,378,749,490.6666667,Annas_Male
2021-04-30_1005.jpg,161,405.3333333,359,607.3333333,Rufous_Female
2021-04-30_1011.jpg,485.6666667,362,736.3333333,532.6666667,Rufous_Female
2021-04-30_1031.jpg,267,390.6666667,359.6666667,486.6666667,Rufous_Female
2021-04-30_1043.jpg,557.6666667,386.6666667,750.3333333,492,Rufous_Female
2021-04-30_1110.jpg,559,378.6666667,747.6666667,492,Rufous_Female
2021-04-30_1144.jpg,565,348,778.3333333,566,Rufous_Female
2021-04-30_1147.jpg,528.3333333,375.3333333,696.3333333,476,Rufous_Female
2021-04-30_1149.jpg,537.6666667,341.3333333,738.3333333,594,Rufous_Female
2021-04-30_1151.jpg,230.6666667,362.6666667,335,512.6666667,Annas_Male
2021-04-30_1157.jpg,139,401.3333333,298.3333333,512.6666667,Rufous_Female
2021-04-30_1205.jpg,271,380,363.6666667,488.6666667,Rufous_Male
2021-04-30_1206.jpg,529.6666667,383.3333333,729.6666667,490.6666667,Rufous_Female
2021-04-30_1219.jpg,531,386,710.3333333,470.6666667,Rufous_Female
2021-04-30_1234.jpg,537.6666667,398.6666667,767.6666667,566,Rufous_Female
2021-04-30_1237.jpg,535.6666667,387.3333333,795,516.6666667,Rufous_Male
2021-04-30_1240.jpg,552.3333333,384.6666667,781.6666667,503.3333333,Rufous_Female
2021-04-30_1241.jpg,535.6666667,385.3333333,784.3333333,584,Annas_Male
2021-04-30_1243.jpg,220.3333333,380,338.3333333,530.6666667,Annas_Male
2021-04-30_1252.jpg,167.6666667,406.6666667,357.6666667,592.6666667,Rufous_Female
2021-04-30_1257.jpg,565.6666667,366,673.6666667,482.6666667,Rufous_Female
2021-04-30_1324.jpg,149,402.6666667,297,483.3333333,Rufous_Female
2021-04-30_1328.jpg,367.6666667,397.3333333,475.6666667,590,Rufous_Male
2021-04-30_1331.jpg,531.6666667,392,783.6666667,538,Rufous_Female
2021-04-30_1337.jpg,431.6666667,409.3333333,543.6666667,582.6666667,Rufous_Male
2021-04-30_1426.jpg,87,392,293.6666667,526.6666667,Rufous_Female
2021-04-30_1428.jpg,535.6666667,396.6666667,697.6666667,594.6666667,Rufous_Female
2021-04-30_1436.jpg,436.3333333,415.3333333,653,583.3333333,Rufous_Female
2021-04-30_1504.jpg,531.6666667,402,780.3333333,542.6666667,Rufous_Female
2021-04-30_1505.jpg,533.6666667,396,779.6666667,532.6666667,Rufous_Female
2021-04-30_1506.jpg,579.6666667,356.6666667,796.3333333,534,Rufous_Female
2021-04-30_1507.jpg,561.6666667,383.3333333,794.3333333,521.3333333,Rufous_Female
2021-04-30_1522.jpg,284.3333333,390.6666667,344.3333333,463.3333333,Rufous_Male
2021-04-30_1533.jpg,603.6666667,337.3333333,743.6666667,612,Rufous_Female
2021-04-30_1534.jpg,569.6666667,348.6666667,765.6666667,537.3333333,Rufous_Female
2021-04-30_1534.jpg,110.6666667,417.3333333,372.3333333,581.3333333,Rufous_Female
2021-04-30_1540.jpg,459,408.6666667,701.6666667,566,Rufous_Female
2021-04-30_1546.jpg,542.3333333,388.6666667,733.6666667,564,Rufous_Female
2021-04-30_1603.jpg,568.3333333,361.3333333,706.3333333,607.3333333,Rufous_Female
2021-04-30_1604.jpg,536.3333333,390.6666667,765,546,Rufous_Male
2021-04-30_1617.jpg,197.6666667,415.3333333,370.3333333,616,Rufous_Female
2021-04-30_1624.jpg,453,410.6666667,686.3333333,584.6666667,Rufous_Female
2021-04-30_1630.jpg,101,401.3333333,299,528,Rufous_Female
2021-04-30_1642.jpg,445.6666667,412,617,579.3333333,Rufous_Female
2021-04-30_1651.jpg,383,381.3333333,479,616,Rufous_Male
2021-04-30_1700.jpg,523,381.3333333,645.6666667,464.6666667,Rufous_Female
2021-04-30_1718.jpg,105.3333333,402,296.3333333,514,Rufous_Male
2021-04-30_1726.jpg,87.66666667,404,299.6666667,548,Rufous_Female
2021-04-30_1733.jpg,583,354,775.6666667,569.3333333,Rufous_Female
2021-04-30_1734.jpg,523.6666667,388,637,464.6666667,Rufous_Female
2021-04-30_1754.jpg,558.3333333,382.6666667,743.6666667,481.3333333,Rufous_Female
2021-04-30_1755.jpg,597,363.3333333,735.6666667,499.3333333,Rufous_Female
2021-04-30_1805.jpg,200.3333333,398,342.3333333,488,Rufous_Male
2021-04-30_1817.jpg,560.3333333,387.3333333,753,498,Rufous_Female
2021-04-30_1842.jpg,266.3333333,400,339.6666667,466.6666667,Rufous_Male
2021-04-30_1855.jpg,202.6666667,398.6666667,306,486.6666667,Rufous_Male
2021-04-30_1900.jpg,252.3333333,390,339.6666667,483.3333333,Annas_Male
2021-04-30_1921.jpg,186.3333333,410.6666667,365,616,Rufous_Female
2021-04-30_2000.jpg,175,411.3333333,372.3333333,604.6666667,Rufous_Female
2021-04-30_2005.jpg,88.33333333,390.6666667,286.3333333,548,Rufous_Female
2021-04-30_2031.jpg,92,401.3333333,277,552,Rufous_Male
2021-09-01_0635.jpg,27.66666667,324,205.6666667,556,Annas_Female
2021-09-01_0642.jpg,495,374.6666667,779,609.3333333,Rufous_Female
2021-09-01_0642.jpg,79.66666667,326,247.6666667,502,Annas_Female
2021-09-01_0643.jpg,469.6666667,371.3333333,771.6666667,609.3333333,Rufous_Female
2021-09-01_0644.jpg,499.6666667,392.6666667,791.6666667,598,Rufous_Female
2021-09-01_0653.jpg,10.33333333,356,251.6666667,556.6666667,Annas_Female
2021-09-01_0715.jpg,7,348,261.6666667,599.3333333,Annas_Female
2021-09-01_0749.jpg,211,343.3333333,287.6666667,445.3333333,Annas_Male
2021-09-01_0857.jpg,211.6666667,358.6666667,305,449.3333333,Annas_Male
2021-09-01_0903.jpg,24.33333333,350,259.6666667,543.3333333,Annas_Female
2021-09-01_0931.jpg,581,319.3333333,820,574,Annas_Female
2021-09-01_0947.jpg,188.3333333,346.6666667,285.6666667,454,Annas_Male
2021-09-01_0959.jpg,121.6666667,300.6666667,253.3333333,488,Annas_Female
2021-09-01_1042.jpg,559.6666667,357.3333333,813.6666667,506,Annas_Female
2021-09-01_1043.jpg,562.3333333,338.6666667,819.6666667,533.3333333,Annas_Female
2021-09-01_1044.jpg,577,341.3333333,820,544,Annas_Male
2021-09-01_1100.jpg,496.3333333,390,793,616,Annas_Female
2021-09-01_1115.jpg,488.3333333,330.6666667,702.3333333,616,Annas_Female
2021-09-01_1116.jpg,463.6666667,325.3333333,712.3333333,616,Annas_Female
2021-09-01_1123.jpg,27.66666667,361.3333333,259.6666667,530,Annas_Female
2021-09-01_1139.jpg,554.3333333,347.3333333,820,527.3333333,Annas_Female
2021-09-01_1140.jpg,545.6666667,337.3333333,706.3333333,466.6666667,Annas_Female
2021-09-01_1141.jpg,548.3333333,342,701,464,Annas_Female
2021-09-01_1237.jpg,0,378.6666667,253,552,Annas_Female
2021-09-01_1238.jpg,0.333333333,320.6666667,177,588.6666667,Annas_Female
2021-09-01_1250.jpg,0,360,251,556,Annas_Female
2021-09-01_1342.jpg,1,303.3333333,216.3333333,412,Annas_Female
2021-09-01_1420.jpg,493.6666667,371.3333333,818.3333333,614.6666667,Annas_Female
2021-09-01_1421.jpg,459.6666667,346,802.3333333,616,Annas_Female
2021-09-01_1459.jpg,251,324.6666667,322.3333333,426,Annas_Female
2021-09-01_1551.jpg,0,349.3333333,282.6666667,593.3333333,Annas_Female
2021-09-01_1618.jpg,3,359.3333333,288.3333333,612.6666667,Annas_Female
2021-09-01_1624.jpg,488.3333333,384.6666667,719,616,Annas_Female
2021-09-01_1636.jpg,4.333333333,334,295,616,Annas_Female
2021-09-01_1706.jpg,556.3333333,363.3333333,785.6666667,508.6666667,Annas_Female
2021-09-01_1707.jpg,564.3333333,345.3333333,791,522,Annas_Female
2021-09-01_1719.jpg,35,352,291.6666667,503.3333333,Annas_Male
2021-09-01_1720.jpg,13.66666667,360,288.6666667,504,Annas_Male
2021-09-01_1723.jpg,115,310.6666667,273.6666667,481.3333333,Annas_Female
2021-09-01_1724.jpg,109,345.3333333,281.6666667,488.6666667,Annas_Female
2021-09-01_1801.jpg,493.6666667,321.3333333,743,616,Annas_Female
2021-09-01_1834.jpg,1.666666667,346,275,616,Annas_Female
2021-09-01_1856.jpg,1,330.6666667,245,550,Annas_Female
2021-09-01_1947.jpg,46.33333333,358,293.6666667,616,Annas_Female
2021-09-01_1954.jpg,163,346,289,458.6666667,Annas_Female
2021-09-01_1955.jpg,165,349.3333333,291.6666667,460.6666667,Annas_Female
2021-09-01_1956.jpg,159.6666667,349.3333333,291.6666667,457.3333333,Annas_Female
2021-09-02_0717.jpg,35.66666667,342,254.6666667,522,Annas_Female
2021-09-02_0729.jpg,39,333.3333333,171.6666667,524.6666667,Annas_Female
2021-09-02_0737.jpg,599.6666667,328,759.6666667,508.6666667,Annas_Female
2021-09-02_0742.jpg,499.6666667,332,576.3333333,433.3333333,Annas_Female
2021-09-02_0802.jpg,12.33333333,353.3333333,261.6666667,550,Annas_Female
2021-09-02_0807.jpg,209,346.6666667,289,448,Annas_Male
2021-09-02_0925.jpg,2.333333333,374,261.6666667,542,Annas_Female
2021-09-02_0926.jpg,1,371.3333333,256.3333333,544.6666667,Annas_Female
2021-09-02_0930.jpg,489,348.6666667,739.6666667,616,Annas_Female
2021-09-02_0932.jpg,67.66666667,345.3333333,261,474.6666667,Annas_Male
2021-09-02_1115.jpg,4.333333333,362,253.6666667,539.3333333,Annas_Female
2021-09-02_1149.jpg,99,352,289.6666667,484,Annas_Female
2021-09-02_1150.jpg,105.6666667,350.6666667,287.6666667,489.3333333,Annas_Female
2021-09-02_1331.jpg,67,319.3333333,251.6666667,522.6666667,Annas_Female
2021-09-02_1356.jpg,43,355.3333333,250.3333333,477.3333333,Annas_Female
2021-09-02_1406.jpg,29.66666667,354,252.3333333,534,Annas_Female
2021-09-02_1414.jpg,491.6666667,367.3333333,733,616,Annas_Female
2021-09-02_1612.jpg,548.3333333,342.6666667,751,479.3333333,Annas_Female
2021-09-02_1650.jpg,547.6666667,335.3333333,709.6666667,478.6666667,Annas_Female
2021-09-02_1705.jpg,84.33333333,320.6666667,263.6666667,510.6666667,Annas_Female
2021-09-03_0720.jpg,3.666666667,366.6666667,263,558,Annas_Female
2021-09-03_0741.jpg,1,338.6666667,247,525.3333333,Annas_Female
2021-09-03_0818.jpg,15.66666667,340,245,528.6666667,Annas_Female
2021-09-03_0819.jpg,3,367.3333333,271.6666667,520.6666667,Annas_Female
2021-09-03_0820.jpg,21,326.6666667,253,526,Annas_Female
2021-09-03_0837.jpg,94.33333333,355.3333333,284.3333333,475.3333333,Annas_Female
2021-09-03_0841.jpg,561,358,810.3333333,510,Annas_Female
2021-09-03_0842.jpg,13,344.6666667,265,528.6666667,Annas_Female
2021-09-03_0923.jpg,512.3333333,328.6666667,609.6666667,442,Annas_Female
2021-09-03_0924.jpg,499,348,622.3333333,424.6666667,Annas_Female
2021-09-03_0925.jpg,502.3333333,350,615.6666667,432.6666667,Annas_Female
2021-09-03_1006.jpg,25,375.3333333,258.3333333,532.6666667,Annas_Male
2021-09-03_1007.jpg,559,349.3333333,725,454,Annas_Female
2021-09-03_1008.jpg,551.6666667,342,731.6666667,465.3333333,Annas_Female
2021-09-03_1012.jpg,3.666666667,365.3333333,260.3333333,539.3333333,Annas_Female
2021-09-03_1013.jpg,3.666666667,334.6666667,253.6666667,537.3333333,Annas_Female
2021-09-03_1014.jpg,1,370.6666667,259.6666667,528.6666667,Annas_Female
2021-09-03_1029.jpg,488.3333333,327.3333333,599,433.3333333,Annas_Male
2021-09-03_1030.jpg,499.3333333,322,597.6666667,432.6666667,Annas_Male
2021-09-03_1102.jpg,555.6666667,350,813.6666667,506,Annas_Female
2021-09-03_1126.jpg,497,324.6666667,622.3333333,446.6666667,Annas_Female
2021-09-03_1143.jpg,1.666666667,366.6666667,253,513.3333333,Annas_Female
2021-09-03_1144.jpg,0,352.6666667,262.3333333,520,Annas_Female
2021-09-03_1156.jpg,542.3333333,345.3333333,763,474,Annas_Female
2021-09-03_1157.jpg,552.3333333,351.3333333,785.6666667,470.6666667,Annas_Female
2021-09-03_1158.jpg,549,348.6666667,781,476,Annas_Female
2021-09-03_1309.jpg,553,352.6666667,678.3333333,444,Annas_Female
2021-09-03_1340.jpg,543.6666667,339.3333333,697,466.6666667,Annas_Female
2021-09-03_1341.jpg,483,379.3333333,729,613.3333333,Annas_Female
2021-09-03_1341.jpg,561,331.3333333,695,452,Annas_Female
2021-09-03_1342.jpg,551.6666667,343.3333333,763,481.3333333,Annas_Male
2021-09-03_1343.jpg,547.6666667,320,775.6666667,485.3333333,Annas_Male
2021-09-03_1344.jpg,554.3333333,338,761,498.6666667,Annas_Male
2021-09-03_1345.jpg,495,332.6666667,626.3333333,442.6666667,Annas_Female
2021-09-03_1438.jpg,555.6666667,345.3333333,681,452,Annas_Female
2021-09-03_1438.jpg,0,363.3333333,303.6666667,590,Annas_Female
2021-09-03_1505.jpg,0,372.6666667,267.3333333,540.6666667,Annas_Female
2021-09-03_1506.jpg,504.3333333,330,584.3333333,431.3333333,Annas_Female
2021-09-03_1507.jpg,565,356.6666667,805.6666667,503.3333333,Annas_Female
2021-09-03_1508.jpg,567.6666667,334.6666667,799,508.6666667,Annas_Female
2021-09-03_1524.jpg,69.66666667,358,289.6666667,468.6666667,Annas_Female
2021-09-03_1551.jpg,543,357.3333333,741.6666667,464.6666667,Annas_Female
2021-09-03_1636.jpg,556.3333333,332,739,463.3333333,Annas_Female
2021-09-03_1643.jpg,638.3333333,296,731.6666667,501.3333333,Annas_Female
2021-09-03_1645.jpg,560.6666667,362.6666667,791.6666667,508.6666667,Annas_Female
2021-09-03_1646.jpg,595.6666667,320,783,516.6666667,Annas_Female
2021-09-03_1656.jpg,561.6666667,349.3333333,820,556,Annas_Female
2021-09-03_1733.jpg,0,332,240.3333333,616,Annas_Female
2021-09-03_1804.jpg,543,348.6666667,679.6666667,450,Annas_Female
2021-09-03_1810.jpg,551,330.6666667,751.6666667,466.6666667,Annas_Female
2021-09-03_1836.jpg,147.6666667,352,281,442,Annas_Male
2021-09-03_1840.jpg,481,360,803,588,Annas_Female
2021-09-03_1841.jpg,493,340.6666667,820,584.6666667,Annas_Female
2021-09-03_1842.jpg,467.6666667,356,818.3333333,594,Annas_Female
2021-09-03_1843.jpg,509,319.3333333,814.3333333,610,Annas_Female
2021-09-03_1913.jpg,511,278,801,616,Annas_Female
2021-09-03_1925.jpg,531.6666667,315.3333333,805.6666667,502,Annas_Female
2021-09-03_1926.jpg,561,343.3333333,820,541.3333333,Annas_Female
2021-09-03_1931.jpg,151.6666667,361.3333333,301,452.6666667,Annas_Female
2021-09-04_0646.jpg,462.3333333,382.6666667,820,563.3333333,Annas_Female
2021-09-04_0649.jpg,523,346.6666667,749,470,Annas_Female
2021-09-04_0650.jpg,36.33333333,374,288.3333333,495.3333333,Annas_Female
2021-09-04_0702.jpg,605.6666667,313.3333333,801,522.6666667,Annas_Female
2021-09-04_0706.jpg,477.6666667,392.6666667,762.3333333,610.6666667,Annas_Female
2021-09-04_0707.jpg,551,355.3333333,746.3333333,458.6666667,Annas_Female
2021-09-04_0711.jpg,0,332.6666667,203,573.3333333,Annas_Female
2021-09-27_0732.jpg,3,307.3333333,273.6666667,616,Annas_Male
2021-09-27_0845.jpg,161.6666667,362.6666667,310.3333333,476.6666667,Annas_Female
2021-09-27_0913.jpg,527,340.6666667,629,430.6666667,Annas_Female
2021-09-27_0931.jpg,183.6666667,341.3333333,289,461.3333333,Annas_Female
2021-09-27_0942.jpg,526.3333333,339.3333333,639.6666667,444,Annas_Male
2021-09-27_1001.jpg,62.33333333,364,267.6666667,553.3333333,Annas_Female
2021-09-27_1029.jpg,512.3333333,340,619,435.3333333,Annas_Male
2021-09-27_1111.jpg,527.6666667,345.3333333,671,436.6666667,Annas_Male
2021-09-27_1125.jpg,501,382,819.6666667,569.3333333,Annas_Female
2021-09-27_1126.jpg,485.6666667,382.6666667,820,580,Annas_Female
2021-09-27_1158.jpg,573,336,820,493.3333333,Annas_Female
2021-09-27_1437.jpg,581.6666667,361.3333333,820,528,Annas_Male
2021-09-27_1450.jpg,537.6666667,306,644.3333333,455.3333333,Annas_Male
2021-09-27_1504.jpg,517,328.6666667,619,433.3333333,Annas_Male
2021-09-27_1505.jpg,7,374.6666667,285,616,Annas_Female
2021-09-27_1506.jpg,0,360.6666667,288.3333333,616,Annas_Female
2021-09-27_1507.jpg,31,319.3333333,262.3333333,616,Annas_Female
2021-09-27_1512.jpg,528.3333333,322.6666667,629.6666667,429.3333333,Annas_Male
2021-09-27_1527.jpg,531,346.6666667,623,429.3333333,Annas_Male
2021-09-27_1549.jpg,515.6666667,344.6666667,635.6666667,425.3333333,Annas_Male
2021-09-27_1601.jpg,491.6666667,320.6666667,815,613.3333333,Annas_Male
2021-09-27_1603.jpg,525,342.6666667,637.6666667,437.3333333,Annas_Male
2021-09-27_1605.jpg,204.3333333,316.6666667,301,459.3333333,Annas_Female
2021-09-27_1606.jpg,216.3333333,307.3333333,284.3333333,463.3333333,Annas_Female
2021-09-27_1608.jpg,485.3333333,388,820,610.6666667,Annas_Female
2021-09-27_1609.jpg,547.6666667,312,810.3333333,616,Annas_Female
2021-09-27_1610.jpg,502.3333333,336.6666667,771,613.3333333,Annas_Female
2021-09-27_1611.jpg,480,314,759.3333333,616,Annas_Female
2021-09-27_1612.jpg,112.3333333,267.3333333,255,412,Annas_Male
2021-09-27_1617.jpg,571.6666667,344,779.6666667,470.6666667,Annas_Male
2021-09-27_1628.jpg,511.6666667,328,617.6666667,428.6666667,Annas_Male
2021-09-27_1629.jpg,554.3333333,337.3333333,752.3333333,464,Annas_Male
2021-09-27_1630.jpg,569.6666667,308,745,480.6666667,Annas_Male
2021-09-27_1647.jpg,243.6666667,354.6666667,316.3333333,444,Annas_Female
2021-09-27_1737.jpg,1,374,291,611.3333333,Annas_Male
2021-09-27_1832.jpg,539.6666667,244.6666667,679,360.6666667,Annas_Male
2021-09-27_1852.jpg,42.33333333,368,268.3333333,516.6666667,Annas_Male
2021-09-27_1853.jpg,35.66666667,356.6666667,268.3333333,525.3333333,Annas_Male
2021-09-28_0815.jpg,24.33333333,368.6666667,267.6666667,554,Annas_Female
2021-09-28_0855.jpg,5,369.3333333,288,577.3333333,Annas_Female
2021-09-28_0911.jpg,199,361.3333333,322.3333333,453.3333333,Annas_Male
2021-09-28_1033.jpg,161,331.3333333,263,475.3333333,Annas_Female
2021-09-28_1218.jpg,71.66666667,354,317,483.3333333,Annas_Female
2021-09-28_1224.jpg,599.6666667,305.3333333,820,514.6666667,Annas_Female
2021-09-28_1304.jpg,181,320.6666667,329.6666667,470.6666667,Annas_Female
2021-09-28_1310.jpg,215,366.6666667,306.3333333,477.3333333,Annas_Female
2021-09-28_1311.jpg,206.3333333,364.6666667,307,462.6666667,Annas_Female
2021-09-28_1318.jpg,485,375.3333333,781,616,Annas_Female
2021-09-28_1319.jpg,489.3333333,377.3333333,792.3333333,616,Annas_Female
2021-09-28_1320.jpg,0,385.3333333,299.6666667,616,Annas_Male
2021-09-28_1421.jpg,569.6666667,320.6666667,820,517.3333333,Annas_Female
2021-09-28_1422.jpg,581.6666667,352.6666667,820,510.6666667,Annas_Female
2021-09-28_1423.jpg,519.6666667,314,820,611.3333333,Annas_Female
2021-09-28_1456.jpg,524.3333333,342,628.3333333,448,Annas_Male
2021-09-28_1502.jpg,565.6666667,305.3333333,820,572.6666667,Annas_Female
2021-09-28_1527.jpg,515.6666667,336.6666667,638.3333333,447.3333333,Annas_Male
2021-09-28_1542.jpg,153,312.6666667,244.3333333,483.3333333,Annas_Female
2021-09-28_1543.jpg,130.3333333,319.3333333,257,510,Annas_Female
2021-09-28_1545.jpg,513,335.3333333,699.6666667,436,Annas_Male
2021-09-28_1552.jpg,0,366,273.3333333,558.6666667,Annas_Male
2021-09-28_1617.jpg,10.66666667,313.3333333,241,586,Annas_Female
2021-09-28_1649.jpg,514.3333333,334,649.6666667,443.3333333,Annas_Male
2021-09-28_1724.jpg,524.3333333,326.6666667,646.3333333,436.6666667,Annas_Male
2021-09-28_1738.jpg,597,295.3333333,820,522,Annas_Male
2021-09-28_1811.jpg,533.6666667,320.6666667,673.6666667,447.3333333,Annas_Male
2021-09-28_1847.jpg,162.6666667,351.3333333,276.3333333,477.3333333,Annas_Male
2021-09-28_1848.jpg,164.3333333,345.3333333,311.6666667,485.3333333,Annas_Male
2021-09-29_0732.jpg,588.3333333,354,820,496,Annas_Female
2021-09-29_0734.jpg,564.3333333,350.6666667,819.6666667,510.6666667,Annas_Female
2021-09-29_0735.jpg,640.3333333,316.6666667,820,521.3333333,Annas_Female
2021-09-29_0826.jpg,0,379.3333333,293.6666667,616,Annas_Female
2021-09-29_0827.jpg,19.66666667,350,281.6666667,616,Annas_Female
2021-09-29_0910.jpg,577.6666667,348.6666667,820,597.3333333,Annas_Female
2021-09-29_0930.jpg,580.3333333,355.3333333,820,597.3333333,Annas_Female
2021-09-29_0931.jpg,597.6666667,328,820,616,Annas_Female
2021-09-29_0932.jpg,571,320,820,616,Annas_Female
2021-09-29_0933.jpg,613.6666667,298,820,610,Annas_Female
2021-09-29_1055.jpg,523,316.6666667,599.6666667,432,Annas_Male
2021-09-29_1117.jpg,519,300,619.6666667,437.3333333,Annas_Male
2021-09-29_1118.jpg,522.3333333,341.3333333,631,436.6666667,Annas_Male
2021-09-29_1122.jpg,517.6666667,344,613.6666667,437.3333333,Annas_Male
2021-09-29_1208.jpg,572.3333333,356.6666667,820,522.6666667,Annas_Female
2021-09-29_1252.jpg,559.6666667,330.6666667,774.3333333,481.3333333,Annas_Female
2021-09-29_1408.jpg,1,298,283,616,Annas_Male
2021-09-29_1423.jpg,589,314.6666667,801,540.6666667,Annas_Female
2021-09-29_1514.jpg,575.6666667,330,820,515.3333333,Annas_Female
2021-09-29_1515.jpg,560.3333333,332.6666667,820,516.6666667,Annas_Female
2021-09-29_1516.jpg,16.33333333,382.6666667,296.3333333,616,Annas_Female
2021-09-29_1517.jpg,20.33333333,376.6666667,302,616,Annas_Female
2021-09-29_1518.jpg,15,376.6666667,299.6666667,614,Annas_Female
2021-09-29_1519.jpg,39.66666667,317.3333333,250.6666667,616,Annas_Female
2021-09-29_1520.jpg,151,352.6666667,224.3333333,463.3333333,Annas_Male
2021-09-29_1534.jpg,12,388,303.3333333,614.6666667,Annas_Male
2021-09-29_1741.jpg,529,320,633.6666667,434,Annas_Male
2021-09-29_1835.jpg,513,326,626.3333333,435.3333333,Annas_Male
2021-09-29_1838.jpg,585.6666667,358,820,562.6666667,Annas_Female
2021-09-30_0848.jpg,1.666666667,261.3333333,131,446,Annas_Male
2021-09-30_0853.jpg,231.6666667,329.3333333,301,465.3333333,Annas_Male
2021-09-30_0952.jpg,597,348.6666667,820,522.6666667,Annas_Female
2021-09-30_1031.jpg,508.3333333,338.6666667,603,432.6666667,Annas_Male
2021-09-30_1138.jpg,596.3333333,302.6666667,820,501.3333333,Annas_Female
2021-09-30_1157.jpg,515,338,624.3333333,427.3333333,Annas_Male
2021-09-30_1219.jpg,615.6666667,307.3333333,820,515.3333333,Annas_Female
2021-09-30_1346.jpg,0,234.6666667,141,332,Annas_Female
2021-09-30_1446.jpg,639.6666667,296.6666667,820,542,Annas_Female
2021-09-30_1507.jpg,584.3333333,311.3333333,820,502,Annas_Female
2021-09-30_1508.jpg,610.3333333,288,820,506.6666667,Annas_Female
2021-09-30_1509.jpg,598.3333333,296,808.3333333,509.3333333,Annas_Female
2021-09-30_1558.jpg,593.6666667,355.3333333,820,501.3333333,Annas_Female
2021-09-30_1559.jpg,601,309.3333333,820,509.3333333,Annas_Female
2021-09-30_1614.jpg,521.6666667,369.3333333,820,616,Annas_Female
2021-09-30_1624.jpg,509,334.6666667,599.6666667,421.3333333,Annas_Male
2021-09-30_1701.jpg,65.66666667,391.3333333,317.6666667,616,Annas_Female
2021-09-30_1702.jpg,84.33333333,394.6666667,324.3333333,616,Annas_Female
2021-09-30_1703.jpg,106.3333333,328,317,616,Annas_Female
2021-09-30_1705.jpg,541.6666667,348,790.3333333,614.6666667,Annas_Female
2021-09-30_1713.jpg,507,336,619.6666667,428.6666667,Annas_Male
2021-09-30_1755.jpg,504.3333333,337.3333333,630.3333333,440.6666667,Annas_Male
2021-09-30_1844.jpg,201.6666667,354.6666667,303,468,Annas_Female
2021-09-30_1845.jpg,213.6666667,340,315.6666667,468,Annas_Female
2021-09-30_1846.jpg,219,367.3333333,318.3333333,468,Annas_Female
2021-09-30_1851.jpg,597.6666667,333.3333333,820,560,Annas_Male
2021-09-30_1853.jpg,605,316.6666667,820,564,Annas_Male
