Date,Time,<1,<2.5,<10,>0.3,>0.5,>1.0,>2.5,>5,>10,Temp,Pressure,Humidity,Oxidising,Reducing,NH3,Lux,Raw temp,CPU temp,FF,day,time,Indoor Temperature F,Indoor Humidity %,Outdoor Temperature F,Outdoor Humidity %,Wind Speed(mph),Wind direction (Degree),Light Intensity,UV index,Daily Rainfall accumulation,Total Accumulative Rainfall,Barometric Pressure(real),Dew Point,Rain Rate,Wind gust,Wind Speed average,Feels like,Wind Chill
04/04/2021,0:51:29,4,4,5,1008,267,13,1,1,0,4.319544994,101810,54,84,203,489,0,10.52891577,24.5,2.25,20210404,1:00:00,64,54,45.1,72,1,106,0,0,0,0.47,30.07,36,0,1,1,41,-- 
04/04/2021,1:51:58,6,6,6,1491,372,11,0,0,0,3.802771302,101850,52,99,208,525,0,10.17114936,24.5,2.25,20210404,2:00:00,63,54,44,71,2,19,0,0,0,0.47,30.08,34,0,2,1,39,-- 
04/04/2021,2:52:28,1,3,3,456,126,21,3,0,0,2.952038732,101830,51,157,211,606,0,9.089872969,22.9,2.25,20210404,3:00:00,62,54,42.9,71,1,61,0,0,0,0.47,30.08,34,0,2,0,39,-- 
04/04/2021,3:52:58,1,1,3,315,79,10,3,3,2,2.743486731,101840,53,95,205,530,0,8.945490814,22.9,2.25,20210404,4:00:00,61,54,41.8,73,2,27,0,0,0,0.47,30.07,32,0,2,0,37,-- 
04/04/2021,4:53:28,1,2,2,630,160,16,0,0,0,2.129639422,101840,55,145,214,620,0,8.182058061,21.8,2.25,20210404,5:00:00,60,54,40.5,74,2,17,0,0,0,0.47,30.08,31,0,2,2,35,-- 
04/04/2021,5:53:58,1,1,1,378,102,7,0,0,0,1.398163885,101890,54,181,217,695,0,7.521805766,21.3,2.25,20210404,6:00:00,60,54,40.2,73,2,44,0,0,0,0.47,30.09,31,0,2,1,35,-- 
04/04/2021,6:54:28,0,1,1,480,110,8,0,0,0,1.232231321,101920,53,166,212,668,0,7.56077553,21.8,2.25,20210404,7:00:00,59,54,39.7,71,0,341,870,0,0,0.47,30.1,-- ,0,0,1,36,39
04/04/2021,7:54:57,2,3,3,612,155,10,0,0,0,0.998767815,101960,54,184,212,704,0,7.399146949,21.8,2.25,20210404,8:00:00,58,54,40,72,1,142,3460,1,0,0.47,30.12,31,0,1,1,35,-- 
04/04/2021,8:55:28,3,4,4,738,210,14,0,0,0,1.080711441,101960,53,276,222,849,0,7.117415613,20.7,2.25,20210404,9:00:00,58,54,41.8,67,1,125,4710,1,0,0.47,30.11,30,0,1,2,37,-- 
04/04/2021,9:55:57,5,6,7,1305,370,15,4,1,1,2.282822299,101970,50,256,216,787,0,8.288107745,21.8,2.25,20210404,10:00:00,60,52,44.5,61,4,194,43090,3,0,0.47,30.11,30,0,4,1,38,-- 
04/04/2021,10:56:27,1,1,2,363,110,25,1,1,0,3.511255046,102010,45,217,207,704,1,9.477022724,22.9,2.25,20210404,11:00:00,66,50,45.9,54,2,118,5900,2,0,0.47,30.12,29,0,2,2,40,-- 
04/04/2021,11:56:57,1,2,2,354,106,29,0,0,0,7.20262235,102000,41,61,168,365,21,12.67873855,25,2.25,20210404,12:00:00,68,48,47.7,51,2,72,6470,1,0,0.47,30.12,29,0,2,2,42,-- 
04/04/2021,12:57:27,1,2,2,318,94,19,0,0,0,6.510960033,102000,40,90,183,448,3,12.19989541,25,2.25,20210404,13:00:00,68,43,49.4,46,2,188,77070,2,0,0.47,30.13,28,0,2,3,44,-- 
04/04/2021,13:57:57,0,1,2,264,72,18,3,2,0,11.79950069,101980,33,36,147,259,23,17.18426971,29.3,2.25,20210404,14:00:00,70,44,53.1,40,3,64,76850,4,0,0.47,30.12,28,0,3,1,47,-- 
04/04/2021,14:58:28,0,1,1,180,46,12,3,1,0,10.46479067,102000,30,38,154,288,2,15.92177816,28.2,2.25,20210404,15:00:00,69,42,51.5,39,3,22,5830,2,0,0.47,30.12,26,0,3,3,45,-- 
04/04/2021,15:58:58,0,1,1,198,54,10,0,0,0,7.873404775,102010,36,44,161,321,1,14.12774177,28.2,2.25,20210404,16:00:00,69,44,50.9,48,2,35,4530,1,0,0.47,30.13,31,0,2,2,46,-- 
04/04/2021,16:59:27,0,0,0,225,68,4,0,0,0,7.240888905,102010,36,78,171,417,0,13.38215386,27.2,2.25,20210404,17:00:00,70,46,50.4,47,0,254,4330,1,0,0.47,30.13,30,0,0,1,46,-- 
04/04/2021,17:59:57,0,0,0,267,54,6,0,0,0,6.82465478,101970,32,71,170,410,0,12.90937639,26.6,2.25,20210404,18:00:00,70,49,50.3,40,0,46,3970,2,0,0.47,30.12,26,0,0,1,46,-- 
04/04/2021,19:00:27,0,1,1,342,76,20,1,0,0,5.590397677,101940,33,83,168,436,0,12.23950608,27.2,2.25,20210404,19:00:00,69,48,48.2,41,2,30,2410,0,0,0.47,30.11,25,0,2,1,42,-- 
04/04/2021,20:00:57,1,1,1,330,76,7,2,0,0,4.637373349,101940,36,84,172,448,0,11.24125847,26.1,2.25,20210404,20:00:00,68,48,45.7,46,2,356,50,0,0,0.47,30.11,25,0,2,1,40,-- 
04/04/2021,21:01:27,1,1,1,444,91,5,0,0,0,3.828986139,101970,36,109,172,498,0,10.68160579,26.1,2.25,20210404,21:00:00,67,48,45.2,47,2,93,0,0,0,0.47,30.11,25,0,2,0,39,-- 
04/04/2021,22:01:57,1,1,2,234,68,16,2,1,0,3.856556796,101970,41,123,180,525,0,9.869923936,23.4,2.25,20210404,22:00:00,68,48,44.6,53,2,96,0,0,0,0.47,30.12,28,0,2,1,39,-- 
04/04/2021,23:02:27,0,0,0,186,48,11,0,0,0,3.355935927,101970,44,111,183,514,0,9.523340257,23.4,2.25,20210404,23:00:00,69,47,44.2,58,2,83,0,0,0,0.47,30.11,29,0,2,1,39,-- 
05/04/2021,0:03:04,3,6,6,687,210,55,3,1,0,3.056659789,101970,47,75,197,704,0,9.469995238,23.9,2.25,20210405,0:00:00,70,46,43.4,64,2,88,0,0,--.-- ,0.47,30.11,31,0,2,0,38,-- 
05/04/2021,1:03:34,3,7,7,897,271,58,5,0,0,2.523400138,101960,48,134,187,599,0,8.793123173,22.9,2.25,20210405,1:00:00,70,46,42.6,65,2,77,0,0,0,0.47,30.11,30,0,2,1,37,-- 
05/04/2021,2:04:04,4,6,6,795,234,44,2,0,0,2.680736637,101970,49,97,190,525,0,8.902048441,22.9,2.25,20210405,2:00:00,69,47,42,67,1,26,0,0,0,0.47,30.11,30,0,1,1,37,-- 
05/04/2021,3:04:34,3,4,4,654,190,20,1,1,0,2.134152281,101960,48,122,198,579,0,8.677490041,23.4,2.25,20210405,3:00:00,68,47,41.2,67,1,346,0,0,0,0.47,30.11,30,0,1,0,36,-- 
05/04/2021,4:05:04,8,11,14,1365,402,90,8,5,0,1.930506249,101950,50,114,197,566,0,8.382658172,22.9,2.25,20210405,4:00:00,66,47,40.3,70,1,36,0,0,0,0.47,30.11,30,0,2,1,35,-- 
05/04/2021,5:05:34,9,16,18,1599,476,137,15,2,0,1.481569722,101970,52,123,203,592,0,8.071855962,22.9,2.25,20210405,5:00:00,66,48,39.7,73,1,10,0,0,0,0.47,30.11,-- ,0,1,0,35,41
05/04/2021,6:06:04,6,7,7,1011,307,44,1,0,0,1.311777073,102000,54,138,209,620,0,7.954307205,22.9,2.25,20210405,6:00:00,64,48,39,77,1,5,0,0,0,0.47,30.12,-- ,0,1,1,34,40
05/04/2021,7:06:34,2,3,4,516,139,23,1,1,0,0.912672945,102030,55,121,205,592,0,7.678004347,22.9,2.25,20210405,7:00:00,63,48,38.3,80,1,39,1060,0,0,0.47,30.13,-- ,0,1,1,34,40
05/04/2021,8:07:03,2,3,3,405,120,21,3,1,0,0.983248438,102040,59,150,210,628,0,7.542248919,22.3,2.25,20210405,8:00:00,62,48,38.7,84,1,195,3520,2,0,0.47,30.14,-- ,0,1,0,34,40
05/04/2021,9:07:33,5,10,13,1119,329,74,12,4,0,2.281166899,102040,57,166,212,668,0,8.625423237,22.9,2.25,20210405,9:00:00,62,49,42.6,77,1,333,4210,1,0,0.47,30.14,34,0,1,0,38,-- 
05/04/2021,10:08:03,2,6,6,663,192,52,4,1,0,3.451445935,102040,55,113,198,519,2,9.58946257,23.4,2.25,20210405,10:00:00,61,49,46.6,68,3,31,43590,2,0,0.47,30.14,36,0,3,0,42,-- 
05/04/2021,11:08:32,2,3,5,696,198,33,4,3,1,4.574676511,102020,52,113,192,498,6,10.52092989,23.9,2.25,20210405,11:00:00,64,49,45.6,69,1,253,7190,1,0,0.47,30.13,35,0,1,1,41,-- 
05/04/2021,12:09:03,2,4,5,555,155,34,1,1,1,8.070028587,101990,46,39,157,290,9,13.77155825,26.6,2.25,20210405,12:00:00,68,47,46.2,70,3,45,18370,2,0,0.47,30.12,35,0,3,2,41,-- 
05/04/2021,13:09:33,3,6,7,684,203,54,5,1,0,8.211224001,101930,47,46,167,326,22,13.86930892,26.6,2.25,20210405,13:00:00,70,45,49.3,62,3,41,73340,3,0,0.47,30.11,35,0,3,2,44,-- 
05/04/2021,14:10:03,3,5,5,687,197,31,3,1,1,11.83157884,101890,39,28,144,233,20,17.5449392,30.4,2.25,20210405,14:00:00,71,45,51.4,56,3,67,71890,3,0,0.47,30.1,34,0,3,2,46,-- 
05/04/2021,15:10:33,0,0,0,264,70,9,0,0,0,9.510637043,101830,43,36,158,286,2,14.95351795,27.2,2.25,20210405,15:00:00,69,42,49.1,64,3,30,8640,1,0,0.47,30.08,36,0,3,2,44,-- 
05/04/2021,16:11:03,0,1,1,222,54,6,1,0,0,7.586860476,101780,42,51,166,349,1,13.92936494,28.2,2.25,20210405,16:00:00,70,44,49.5,60,2,34,5810,1,0,0.47,30.06,34,0,2,1,45,-- 
05/04/2021,17:11:33,0,1,1,216,58,6,0,0,0,6.87119463,101710,41,51,162,338,1,13.43390397,28.2,2.25,20210405,17:00:00,69,44,49.9,56,0,220,5190,2,0,0.47,30.05,33,0,1,0,46,-- 
05/04/2021,18:12:03,1,2,2,324,85,18,1,0,0,6.696134036,101670,43,68,174,400,0,13.15886202,27.7,2.25,20210405,18:00:00,68,43,50.1,55,0,17,3940,1,0,0.47,30.03,34,0,0,0,46,-- 
05/04/2021,19:12:33,0,0,1,222,60,8,1,1,0,5.962298535,101630,46,65,171,384,1,12.49697591,27.2,2.25,20210405,19:00:00,68,45,48.8,61,0,332,2640,0,0,0.47,30.02,35,0,0,0,45,-- 
05/04/2021,20:13:03,0,1,1,240,64,10,2,0,0,4.940519853,101630,50,42,164,333,0,11.45112913,26.1,2.25,20210405,20:00:00,67,47,45.6,71,1,353,60,0,0,0.47,30.02,35,0,1,0,42,-- 
05/04/2021,21:13:33,1,2,2,378,100,12,2,0,0,3.886486243,101660,52,51,167,360,0,10.5675674,25.6,2.25,20210405,21:00:00,67,47,43.2,78,1,344,0,0,0,0.47,30.02,36,0,1,1,39,-- 
05/04/2021,22:14:04,1,2,2,309,93,16,2,0,0,3.026865268,101660,54,45,165,349,0,9.787829801,25,2.25,20210405,22:00:00,68,45,41.7,81,1,2,0,0,0,0.47,30.02,35,0,2,1,38,-- 
05/04/2021,23:14:34,2,3,5,471,134,36,3,2,2,2.687078469,101660,56,71,177,417,0,9.214131248,23.9,2.25,20210405,23:00:00,69,47,40.7,83,1,16,0,0,0,0.47,30.02,34,0,1,1,36,-- 
06/04/2021,0:15:08,1,1,1,333,97,5,1,0,0,1.937306868,101670,58,54,192,453,0,8.695058601,23.9,2.25,20210406,0:00:00,69,47,39.7,86,1,22,0,0,--.-- ,0.47,30.03,-- ,0,1,1,36,41
06/04/2021,1:15:38,2,3,3,492,144,19,2,0,0,1.611561296,101660,60,42,181,384,0,8.469542436,23.9,2.25,20210406,1:00:00,68,47,39.4,92,1,6,0,0,0,0.47,30.02,-- ,0,1,1,36,41
06/04/2021,2:16:08,2,3,3,426,130,22,0,0,0,1.3742345,101650,62,45,183,400,0,8.151393115,23.4,2.25,20210406,2:00:00,67,47,38.7,94,0,10,0,0,0,0.47,30.02,-- ,0,0,0,35,38
06/04/2021,3:16:37,0,0,0,387,96,15,0,0,0,1.307624538,101640,63,42,184,400,0,7.951432373,22.9,2.25,20210406,3:00:00,66,47,38.4,96,1,11,0,0,0,0.47,30.02,-- ,0,1,1,34,40
06/04/2021,4:17:07,2,3,3,501,147,21,1,0,0,1.289443786,101670,63,50,189,432,0,7.600384159,21.8,2.25,20210406,4:00:00,65,48,37.9,96,1,10,0,0,0,0.47,30.02,-- ,0,1,1,34,39
06/04/2021,5:17:37,3,5,5,615,187,44,2,0,0,0.447129914,101680,63,53,190,444,0,7.355705325,22.9,2.25,20210406,5:00:00,63,48,37.4,96,0,10,0,0,0,0.47,30.03,-- ,0,0,0,34,37
06/04/2021,6:18:07,3,4,4,717,193,36,0,0,0,0.114929764,101670,63,45,187,417,0,7.125720606,22.9,2.25,20210406,6:00:00,62,48,36.9,97,1,12,0,0,0,0.47,30.02,-- ,0,1,1,33,38
06/04/2021,7:18:37,3,4,5,603,167,38,3,1,1,0.281936551,101660,65,38,180,380,0,7.056725305,22.3,2.25,20210406,7:00:00,61,49,36.7,98,1,9,1190,0,0,0.47,30.02,-- ,0,1,1,32,38
06/04/2021,8:19:07,2,4,4,663,193,22,4,0,0,0.982804449,101690,69,44,174,377,0,7.726556926,22.9,2.25,20210406,8:00:00,60,49,38.3,100,1,8,4380,1,0,0.47,30.03,-- ,0,1,0,34,40
06/04/2021,9:19:37,3,4,4,753,219,31,0,0,0,2.685694271,101680,67,47,172,346,1,9.213172957,23.9,2.25,20210406,9:00:00,60,49,41,100,0,9,7530,2,0,0.47,30.03,40,0,0,0,38,-- 
06/04/2021,10:20:07,4,7,7,849,250,32,7,0,0,3.663140452,101650,66,50,177,360,2,10.228328,25,2.25,20210406,10:00:00,60,49,45.8,86,0,358,11230,2,0,0.47,30.02,40,0,1,0,43,-- 
06/04/2021,11:20:37,4,6,6,882,252,44,0,0,0,5.806129295,101620,59,47,172,331,6,12.0503972,26.1,2.25,20210406,11:00:00,62,50,46.5,83,0,237,17550,1,0,0.47,30.02,41,0,0,0,44,-- 
06/04/2021,12:21:07,4,6,8,852,247,42,5,2,2,10.19881722,101560,47,27,147,215,5,16.26071962,29.9,2.25,20210406,12:00:00,67,49,49.3,77,2,62,20710,2,0,0.47,30,41,0,2,1,46,-- 
06/04/2021,13:21:36,3,5,6,786,235,54,3,0,0,8.9426195,101520,49,47,168,319,11,14.56027504,27.2,2.25,20210406,13:00:00,70,48,51.1,68,2,145,67600,2,0,0.47,29.99,39,0,2,1,47,-- 
06/04/2021,14:22:06,4,7,7,795,225,46,4,1,1,7.147927635,101490,50,85,186,425,4,12.97933452,26.1,2.25,20210406,14:00:00,71,47,48.8,74,2,260,36580,1,0,0.47,29.98,40,0,2,1,45,-- 
06/04/2021,15:22:36,4,5,8,849,233,42,6,5,0,7.228214496,101430,50,99,191,461,3,13.03491773,26.1,2.25,20210406,15:00:00,71,47,50.1,70,2,202,20310,2,0,0.47,29.97,40,0,2,1,47,-- 
06/04/2021,16:23:06,4,5,5,789,208,34,2,1,0,7.048938048,101360,47,96,189,457,2,13.2492648,27.2,2.25,20210406,16:00:00,72,48,50.5,62,1,208,16350,2,0,0.47,29.95,37,0,1,1,47,-- 
06/04/2021,17:23:36,3,4,4,771,210,23,1,0,0,6.871012152,101340,50,77,188,440,1,13.27993149,27.7,2.25,20210406,17:00:00,71,48,50.8,66,0,176,12330,1,0,0.47,29.93,39,0,1,0,48,-- 
06/04/2021,18:24:06,2,2,3,714,176,15,1,1,0,6.55447832,101270,52,94,193,466,0,13.06079268,27.7,2.25,20210406,18:00:00,71,49,50.4,69,0,260,8520,2,0,0.47,29.92,40,0,1,1,48,-- 
06/04/2021,19:24:36,3,5,5,816,207,29,2,1,0,6.358655587,101220,53,86,189,440,0,12.77137694,27.2,2.25,20210406,19:00:00,71,51,49.9,71,0,292,3110,1,0,0.47,29.9,39,0,0,0,47,-- 
06/04/2021,20:25:06,1,2,3,492,140,23,1,1,1,5.162205454,101200,56,115,198,514,0,11.94306531,27.2,2.25,20210406,20:00:00,70,51,48.5,75,1,266,90,0,0,0.47,29.89,40,0,1,0,45,-- 
06/04/2021,21:25:36,3,4,4,543,160,32,1,0,0,4.595846486,101180,59,142,205,560,0,11.21250911,26.1,2.25,20210406,21:00:00,69,51,47.2,79,1,247,0,0,0,0.47,29.88,40,0,1,0,44,-- 
06/04/2021,22:26:06,2,3,3,615,161,25,2,0,0,4.127055266,101170,60,106,203,514,0,10.88796134,26.1,2.25,20210406,22:00:00,68,50,46.4,81,1,81,0,0,0,0.47,29.87,40,0,1,0,43,-- 
06/04/2021,23:26:36,4,6,6,792,226,40,1,0,0,4.622146831,101150,57,61,184,400,0,11.23071704,26.1,2.25,20210406,23:00:00,67,51,46.5,80,0,331,0,0,0,0.47,29.87,40,0,0,0,44,-- 
07/04/2021,0:27:16,5,6,7,1128,315,21,1,1,1,4.607204731,101110,56,80,209,504,0,11.06652635,25.6,2.25,20210407,0:00:00,66,52,45.7,80,1,356,0,0,--.-- ,0.47,29.87,38,0,1,1,42,-- 
07/04/2021,1:27:46,7,8,9,1575,450,28,2,0,0,4.135822015,101090,55,117,211,542,0,10.89403063,26.1,2.25,20210407,1:00:00,65,52,46,78,0,6,0,0,0,0.47,29.86,38,0,1,0,43,-- 
07/04/2021,2:28:16,6,7,7,1680,449,10,0,0,0,3.581958509,101060,58,87,212,525,0,10.35674051,25.6,2.25,20210407,2:00:00,64,52,45.3,79,2,164,0,0,0,0.47,29.86,38,0,2,1,41,-- 
07/04/2021,3:28:46,6,7,8,1392,392,20,1,1,1,4.166794284,101060,56,172,219,644,0,10.23854989,23.9,2.25,20210407,3:00:00,63,52,45.4,75,2,217,0,0,0,0.47,29.85,37,0,2,0,41,-- 
07/04/2021,4:29:15,5,6,7,1230,351,23,3,2,0,3.901511831,101080,56,138,215,592,0,10.23950819,24.5,2.25,20210407,4:00:00,62,52,45,78,0,322,0,0,0,0.47,29.85,38,0,0,0,42,-- 
07/04/2021,5:29:45,4,5,5,1113,309,9,0,0,0,3.823709302,101120,54,124,208,553,0,10.33949106,25,2.25,20210407,5:00:00,62,52,44.8,75,0,325,0,0,0,0.47,29.86,37,0,1,0,41,-- 
07/04/2021,6:30:15,5,5,5,1224,344,12,1,0,0,3.427849292,101130,55,91,201,475,0,10.25004951,25.6,2.25,20210407,6:00:00,61,52,44,75,1,70,0,0,0,0.47,29.87,35,0,1,0,40,-- 
07/04/2021,7:30:45,5,6,6,1326,354,8,1,0,0,3.401524389,101120,61,96,199,470,0,10.04720919,25,2.25,20210407,7:00:00,61,52,43.5,78,1,30,270,0,0,0.47,29.86,36,0,1,0,40,-- 
07/04/2021,8:31:14,5,5,6,1188,319,7,2,1,0,2.937446048,101150,62,253,222,723,0,9.233616495,23.4,2.25,20210407,8:00:00,60,52,43.3,84,1,192,2480,0,0,0.47,29.88,38,0,2,1,40,-- 
07/04/2021,9:31:44,7,7,8,1563,430,8,1,1,0,3.106145958,101120,62,304,225,776,0,9.196562586,22.9,2.25,20210407,9:00:00,60,52,44.9,80,1,149,4690,1,0,0.47,29.88,38,0,2,1,41,-- 
07/04/2021,10:32:14,5,6,6,1437,387,15,0,0,0,2.986354388,101130,62,387,231,891,0,9.267476114,23.4,2.25,20210407,10:00:00,60,56,45.5,76,2,231,4770,1,0,0.47,29.87,37,0,2,2,41,-- 
07/04/2021,11:32:44,7,8,8,1650,465,10,1,0,0,3.637852142,101100,60,377,230,877,1,9.718513021,23.4,2.25,20210407,11:00:00,62,53,46,76,2,186,8380,1,0,0.47,29.87,37,0,2,2,42,-- 
07/04/2021,12:33:13,6,7,7,1407,385,16,2,1,0,4.77449211,101090,56,271,220,744,0,10.84387915,24.5,2.25,20210407,12:00:00,66,50,46.8,74,2,188,10650,1,0,0.47,29.86,38,0,2,1,43,-- 
07/04/2021,13:33:43,8,9,10,1800,500,20,3,2,0,5.264685211,101070,57,180,212,636,2,11.33708976,25,2.25,20210407,13:00:00,68,49,47.7,71,4,219,10350,2,0,0.47,29.85,37,0,4,1,43,-- 
07/04/2021,14:34:13,1,1,1,300,84,7,0,0,0,4.893250568,101110,57,255,219,714,1,11.0799427,25,2.25,20210407,14:00:00,69,49,47.6,74,1,216,6810,1,0,0.47,29.86,38,0,1,1,44,-- 
07/04/2021,15:34:43,1,2,2,306,92,15,3,0,0,3.235221928,101080,65,296,222,744,1,9.593615181,23.9,2.25,20210407,15:00:00,68,49,45.7,85,2,211,6810,2,0,0.47,29.86,40,0,2,1,42,-- 
07/04/2021,16:35:12,9,9,9,1902,541,12,0,0,0,3.341437486,101010,64,425,235,921,2,9.174841336,22.3,2.25,20210407,16:00:00,68,49,45.3,80,2,159,7450,1,0,0.47,29.84,38,0,2,1,41,-- 
07/04/2021,17:35:42,5,6,7,1575,418,14,3,1,0,4.09815793,100970,62,349,230,836,1,9.883340105,22.9,2.25,20210407,17:00:00,67,50,46.5,77,1,219,7450,1,0,0.47,29.83,39,0,1,1,43,-- 
07/04/2021,18:36:12,4,4,4,1269,351,6,0,0,0,4.134495972,100920,60,333,226,824,0,10.21618952,23.9,2.25,20210407,18:00:00,66,50,47.8,75,2,194,5240,1,0,0.47,29.81,38,0,2,2,44,-- 
07/04/2021,19:36:41,7,7,7,1596,432,6,0,0,0,3.872618244,100930,57,336,225,799,0,10.37335109,25,2.25,20210407,19:00:00,66,50,47,72,2,263,3410,2,0,0.47,29.81,37,0,2,0,43,-- 
07/04/2021,20:37:11,1,1,2,387,115,7,1,0,0,3.741865967,100940,55,271,220,744,0,10.12898413,24.5,2.25,20210407,20:00:00,66,50,45.6,72,1,173,100,0,0,0.47,29.81,36,0,1,0,42,-- 
07/04/2021,21:37:41,0,0,0,126,34,6,2,0,0,3.659449216,100990,52,217,207,620,0,10.22577253,25,2.25,20210407,21:00:00,65,51,44.4,73,1,349,0,0,0,0.47,29.82,34,0,1,1,40,-- 
07/04/2021,22:38:11,0,1,1,171,55,7,0,0,0,3.176185964,101010,54,189,205,606,0,9.737359514,24.5,2.25,20210407,22:00:00,64,51,43.8,72,2,34,0,0,0,0.47,29.83,34,0,2,0,39,-- 
07/04/2021,23:38:40,0,0,0,102,32,2,0,0,0,2.859837782,101060,54,138,196,530,0,9.672195388,25,2.25,20210407,23:00:00,63,51,43,74,0,355,0,0,0,0.47,29.83,35,0,0,0,39,-- 
08/04/2021,0:39:23,6,12,15,1227,365,110,14,3,1,2.81765452,101160,57,269,231,765,0,9.304530052,23.9,2.25,20210408,0:00:00,63,51,42,76,1,28,0,0,--.-- ,0.47,29.86,34,0,1,0,38,-- 
08/04/2021,1:39:53,11,15,16,3237,686,65,8,2,1,1.797163172,101240,62,227,224,704,0,8.290343734,22.9,2.25,20210408,1:00:00,62,51,42.1,82,0,334,0,0,0,0.47,29.88,35,0,0,0,39,-- 
08/04/2021,2:40:23,4,5,7,837,224,36,2,2,2,1.48721229,101290,66,344,234,811,0,7.583454662,21.3,2.25,20210408,2:00:00,61,51,40,87,1,45,0,0,0,0.47,29.9,35,0,1,1,36,-- 
08/04/2021,3:40:53,3,4,4,885,216,15,1,0,0,1.223464897,101330,65,224,227,733,0,7.554706467,21.8,2.25,20210408,3:00:00,60,51,39.1,94,1,39,0,0,0,0.47,29.91,-- ,0,1,0,35,40
08/04/2021,4:41:23,2,3,3,825,185,15,1,1,0,0.678563612,101390,63,225,226,744,0,7.177467116,21.8,2.25,20210408,4:00:00,60,51,38.2,90,0,41,0,0,0,0.47,29.93,-- ,0,1,1,34,38
08/04/2021,5:41:53,2,2,2,984,210,8,0,0,0,0.369713769,101480,63,302,234,849,0,6.625186455,20.7,2.25,20210408,5:00:00,59,51,38.3,88,2,40,0,0,0,0.47,29.94,-- ,0,2,1,34,37
08/04/2021,6:42:23,3,3,3,1134,248,2,0,0,0,0.036607545,101570,60,390,235,906,0,6.579189839,21.3,2.25,20210408,6:00:00,58,51,38.5,83,1,320,0,0,0,0.47,29.97,-- ,0,1,0,34,40
08/04/2021,7:42:53,4,5,7,1251,288,17,2,2,2,0.368510728,101700,59,216,209,714,0,6.962815119,21.8,2.25,20210408,7:00:00,57,51,38.7,78,1,98,1450,0,0,0.47,30,-- ,0,1,0,34,40
08/04/2021,8:43:23,3,4,4,870,231,4,1,0,0,0.904461168,101770,57,396,230,953,0,6.995396193,20.7,2.25,20210408,8:00:00,57,51,39.2,83,1,64,3840,2,0,0.47,30.04,-- ,0,1,1,35,40
08/04/2021,9:43:53,0,1,2,234,55,13,4,1,0,1.730072888,101880,48,457,229,970,0,7.905435076,21.8,2.25,20210408,9:00:00,58,50,41.3,69,1,112,4370,1,0,0.47,30.06,31,0,1,0,37,-- 
08/04/2021,10:44:23,0,0,0,147,41,6,0,0,0,2.947864702,101970,48,440,226,970,1,8.90236787,22.3,2.25,20210408,10:00:00,62,48,44.3,57,1,322,44640,3,0,0.47,30.09,28,0,1,1,39,-- 
08/04/2021,11:44:53,0,0,1,192,54,7,1,0,0,6.279540742,102020,40,156,186,553,26,12.37814359,26.1,2.25,20210408,11:00:00,66,46,45.7,50,1,71,11030,2,0,0.47,30.11,27,0,1,2,40,-- 
08/04/2021,12:45:23,0,0,1,159,42,7,1,1,0,8.747897568,102070,39,63,168,349,3,14.42546755,27.2,2.25,20210408,12:00:00,68,44,47.6,50,0,16,11560,2,0.01,0.48,30.14,28,0.01,0,1,43,-- 
08/04/2021,13:45:53,0,0,0,246,64,12,2,1,0,11.88093851,102100,34,46,153,298,24,16.9021882,28.2,2.25,20210408,13:00:00,68,46,50.7,50,5,72,77240,2,0.01,0.48,30.15,32,0,5,3,44,-- 
08/04/2021,14:46:22,0,1,1,630,118,11,2,0,0,11.29007169,102110,30,43,140,278,7,16.83158809,29.3,2.25,20210408,14:00:00,71,49,52.8,45,4,43,77130,4,0.01,0.48,30.16,31,0,4,2,47,-- 
08/04/2021,15:46:52,1,2,2,492,111,12,2,1,0,7.706463196,102120,34,94,168,425,2,13.70447452,27.2,2.25,20210408,15:00:00,71,45,50,44,3,21,7540,2,0.01,0.48,30.16,29,0,3,2,44,-- 
08/04/2021,16:47:22,1,1,2,264,76,16,1,1,1,6.238936183,102120,37,165,181,542,1,12.35003274,26.1,2.25,20210408,16:00:00,70,43,48.9,45,2,18,8270,2,0.01,0.48,30.16,28,0,3,3,43,-- 
08/04/2021,17:47:52,1,2,2,354,98,13,1,1,0,5.740147135,102090,38,154,175,494,0,12.00471725,26.1,2.25,20210408,17:00:00,70,45,47.9,50,1,23,6150,1,0.01,0.48,30.16,28,0,2,1,43,-- 
08/04/2021,18:48:22,1,2,2,264,74,18,2,0,0,5.426847687,102050,41,175,183,530,0,11.78781763,26.1,2.25,20210408,18:00:00,69,45,47.2,53,2,52,5470,1,0.01,0.48,30.15,30,0,2,2,42,-- 
08/04/2021,19:48:52,1,1,1,327,80,14,1,0,0,4.160738043,102020,45,114,180,461,0,10.91128018,26.1,2.25,20210408,19:00:00,68,46,46,59,1,19,3190,1,0.01,0.48,30.14,31,0,1,1,41,-- 
08/04/2021,20:49:21,1,3,3,384,108,29,1,0,0,2.246271675,102060,51,192,202,636,0,8.75511116,23.4,2.25,20210408,20:00:00,67,47,43.5,67,1,358,130,0,0.01,0.48,30.13,32,0,1,0,39,-- 
08/04/2021,21:49:51,0,1,1,330,90,16,3,0,0,2.757136694,102040,49,414,215,877,0,8.61647925,21.8,2.25,20210408,21:00:00,66,47,43.7,60,1,184,0,0,0.01,0.48,30.14,30,0,2,1,39,-- 
08/04/2021,22:50:21,0,1,1,168,42,11,0,0,0,1.877907233,102010,49,432,217,937,0,8.346243469,22.9,2.25,20210408,22:00:00,68,47,43.3,65,1,184,0,0,0.01,0.48,30.14,32,0,1,1,39,-- 
08/04/2021,23:50:50,0,2,3,240,68,21,6,1,0,1.507869147,101980,50,475,221,953,0,8.090063256,22.9,2.25,20210408,23:00:00,71,45,42.4,65,1,201,0,0,0.01,0.48,30.13,30,0,2,1,37,-- 
09/04/2021,0:51:29,0,1,2,342,94,18,3,1,0,1.127850456,101970,50,306,222,824,0,7.980819547,23.4,2.25,20210409,0:00:00,71,45,40.7,71,0,357,0,0,--.-- ,0.48,30.12,30,0,0,0,36,-- 
09/04/2021,1:51:59,1,3,3,396,104,18,3,1,0,0.938493553,101920,51,321,219,824,0,7.511264768,22.3,2.25,20210409,1:00:00,71,45,39.3,70,1,346,0,0,0,0.48,30.12,-- ,0,1,0,34,41
09/04/2021,2:52:28,1,2,2,324,80,20,1,0,0,1.123804542,101850,52,400,224,877,0,7.485710837,21.8,2.25,20210409,2:00:00,69,45,38.9,71,1,280,0,0,0,0.48,30.1,-- ,0,1,0,34,40
09/04/2021,3:52:58,1,2,2,360,94,22,1,1,0,1.430629492,101820,53,393,225,891,0,7.69812811,21.8,2.25,20210409,3:00:00,68,46,39.1,72,0,356,0,0,0,0.48,30.08,-- ,0,0,0,34,39
09/04/2021,4:53:28,1,2,2,387,116,16,1,0,0,1.333923928,101790,54,466,233,988,0,7.969639642,22.9,2.25,20210409,4:00:00,66,46,40.6,74,0,281,0,0,0,0.48,30.07,31,0,0,0,36,-- 
09/04/2021,5:53:58,2,3,3,504,128,29,1,1,1,1.477860156,101770,54,484,231,1024,0,7.884672416,22.3,2.25,20210409,5:00:00,65,47,41.9,69,1,195,0,0,0,0.48,30.06,31,0,1,1,37,-- 
09/04/2021,6:54:28,1,3,3,528,150,33,2,0,0,1.643518896,101700,55,504,233,1024,0,8.183974621,22.9,2.25,20210409,6:00:00,64,47,42,71,0,299,0,0,0,0.48,30.05,32,0,1,0,38,-- 
09/04/2021,7:54:57,2,4,4,537,151,27,1,1,1,1.282709332,101690,57,644,238,1151,0,7.934183384,22.9,2.25,20210409,7:00:00,63,47,41.8,72,1,269,680,0,0,0.48,30.04,32,0,1,0,37,-- 
09/04/2021,8:55:27,1,1,1,351,85,16,0,0,0,1.553547108,101620,56,660,238,1176,0,8.121686459,22.9,2.25,20210409,8:00:00,62,47,42.3,71,2,207,1040,0,0,0.48,30.03,32,0,2,1,37,-- 
09/04/2021,9:55:57,0,1,3,432,114,17,6,3,2,1.440780104,101590,55,1063,248,1446,0,7.705155457,21.8,2.25,20210409,9:00:00,61,47,42.5,70,1,275,3990,1,0,0.48,30.02,32,0,1,1,38,-- 
09/04/2021,10:56:27,0,0,1,348,88,11,1,1,0,2.019827711,101580,59,489,237,1044,1,8.106034569,21.8,2.25,20210409,10:00:00,60,48,42.9,71,3,230,4700,2,0,0.48,30.01,34,0,3,1,37,-- 
09/04/2021,11:56:57,1,3,3,462,108,30,3,0,0,2.820809381,101540,59,542,235,1063,2,8.660560341,21.8,2.25,20210409,11:00:00,62,48,43.5,72,3,202,14510,2,0,0.48,30,34,0,3,3,38,-- 
09/04/2021,12:57:27,2,2,2,483,126,22,1,0,0,2.332191518,101470,61,606,238,1128,1,8.322286436,21.8,2.25,20210409,12:00:00,64,47,43.5,76,2,194,11340,2,0,0.48,29.99,35,0,2,1,39,-- 
09/04/2021,13:57:57,1,2,2,369,85,18,4,0,0,3.252677128,101410,61,417,231,937,3,8.959545704,21.8,2.25,20210409,13:00:00,67,46,43.2,78,6,178,16610,2,0,0.48,29.97,36,0,6,2,36,-- 
09/04/2021,14:58:26,1,2,2,324,100,15,3,0,0,2.645940265,101330,63,714,244,1176,2,8.539497106,21.8,2.25,20210409,14:00:00,68,46,44.9,77,2,261,19800,3,0,0.48,29.95,37,0,3,1,41,-- 
09/04/2021,15:58:56,0,1,1,282,78,6,1,0,0,2.021947323,101240,70,686,247,1176,0,7.769040454,20.7,2.25,20210409,15:00:00,67,46,44.7,77,8,204,15490,1,0,0.48,29.92,37,0,8,5,37,-- 
09/04/2021,16:59:26,1,3,3,396,118,37,2,0,0,1.337817099,101100,73,1128,258,1608,1,6.803104145,19.1,2.25,20210409,16:00:00,68,46,43.3,83,6,254,13570,1,0,0.48,29.89,37,0,7,3,37,-- 
09/04/2021,17:59:56,1,2,2,336,100,13,1,1,0,0.689735516,101020,81,799,253,1344,0,6.508278434,19.6,2.25,20210409,17:00:00,68,47,42.5,87,6,247,9430,1,0,0.48,29.86,37,0,7,7,36,-- 
09/04/2021,19:00:26,1,2,2,336,94,23,2,0,0,1.21756141,100950,81,620,247,1201,0,6.873696361,19.6,2.25,20210409,18:00:00,68,48,41.7,95,2,197,4490,1,0.02,0.5,29.83,39,0.02,2,3,38,-- 
09/04/2021,20:00:56,1,2,3,387,115,22,1,0,0,1.374339748,100860,76,453,238,1024,0,7.659158287,21.8,2.25,20210409,19:00:00,68,49,41.9,97,6,260,1240,0,0.05,0.53,29.81,40,0.03,6,2,36,-- 
09/04/2021,21:01:26,1,3,3,318,96,22,2,0,0,1.025713874,100820,74,187,221,744,0,7.756263451,22.9,2.25,20210409,20:00:00,69,48,41.1,98,0,257,60,0,0.11,0.59,29.79,40,0.06,0,1,39,-- 
09/04/2021,22:01:56,0,1,2,423,109,16,3,1,0,0.941388053,100840,74,206,225,787,0,7.205576344,21.3,2.25,20210409,21:00:00,69,48,40.2,98,1,19,0,0,0.11,0.59,29.78,38,0,1,1,37,-- 
09/04/2021,23:02:25,1,1,3,318,88,8,2,2,2,0.561009072,100800,75,504,241,1044,0,6.419160127,19.6,2.25,20210409,22:00:00,68,48,39.9,99,1,321,0,0,0.11,0.59,29.76,-- ,0,1,0,36,41
10/04/2021,0:03:05,1,2,4,306,90,26,4,3,1,0.034748014,100900,74,152,253,1201,0,6.393287087,20.7,2.25,20210409,23:00:00,68,52,40.7,90,2,172,0,0,0.11,0.59,29.77,36,0,2,2,36,-- 
10/04/2021,1:03:35,4,7,8,858,248,52,5,1,0,0.567468461,100940,70,606,258,1227,0,6.423632011,19.6,2.25,20210410,0:00:00,68,50,39,93,1,179,0,0,--.-- ,0.59,29.79,-- ,0,2,0,35,40
10/04/2021,2:04:05,16,22,23,2856,803,119,7,1,0,-0.454360004,100980,70,1106,261,1484,0,5.408519997,18.6,2.25,20210410,1:00:00,67,49,39.7,90,2,188,0,0,0,0.59,29.81,-- ,0,2,1,36,39
10/04/2021,3:04:35,2,3,3,435,123,27,1,1,0,-0.329460675,101030,66,970,256,1446,0,5.802681071,19.6,2.25,20210410,2:00:00,66,48,40.5,74,4,232,0,0,0,0.59,29.81,31,0,4,2,34,-- 
10/04/2021,4:05:05,1,2,2,303,87,20,2,1,1,-0.843438875,101120,65,723,247,1227,0,5.44685001,19.6,2.25,20210410,3:00:00,66,48,39.4,77,2,133,0,0,0,0.59,29.82,-- ,0,2,1,34,39
10/04/2021,5:05:35,1,1,1,306,84,12,2,0,0,-1.505806481,101220,64,261,238,891,0,5.326749359,20.7,2.25,20210410,4:00:00,64,48,37.3,78,1,356,0,0,0,0.59,29.85,-- ,0,1,1,32,39
10/04/2021,6:06:05,2,3,3,471,149,32,1,0,0,-1.279142685,101320,67,530,247,1128,0,4.991362757,19.1,2.25,20210410,5:00:00,63,48,34.8,85,1,36,0,0,0,0.59,29.88,-- ,0,1,0,30,36
10/04/2021,7:06:34,0,1,1,174,58,14,0,0,0,-1.518435875,101440,68,403,244,1063,0,4.979544394,19.6,2.25,20210410,6:00:00,62,48,34.8,89,1,39,0,0,0,0.59,29.91,-- ,0,1,1,30,36
10/04/2021,8:07:04,1,2,3,309,94,16,2,2,1,-1.118882368,101560,65,811,250,1283,0,5.256158361,19.6,2.25,20210410,7:00:00,61,49,35.5,86,0,186,1530,0,0,0.59,29.94,-- ,0,1,1,31,35
10/04/2021,9:07:34,1,2,2,312,92,13,0,0,0,-0.830970417,101650,60,937,253,1410,0,5.640097404,20.2,2.25,20210410,8:00:00,60,49,37.1,82,0,165,3520,1,0,0.59,29.98,-- ,0,0,0,33,37
10/04/2021,10:08:04,1,2,2,405,123,17,0,0,0,0.45553158,101720,56,988,248,1410,1,6.684598786,20.7,2.25,20210410,9:00:00,59,49,38.6,71,1,212,3970,1,0,0.59,30.01,-- ,0,2,0,34,40
10/04/2021,11:08:34,0,1,1,288,75,15,4,1,0,1.833424853,101770,43,787,240,1344,14,7.976986436,21.8,2.25,20210410,10:00:00,59,49,42.2,61,1,343,44050,2,0,0.59,30.04,28,0,1,0,37,-- 
10/04/2021,12:09:05,0,0,0,183,47,3,0,0,0,7.218804646,101790,33,206,199,620,18,12.87455706,25.6,2.25,20210410,11:00:00,61,50,43.9,52,2,68,9030,1,0,0.59,30.05,26,0,2,1,38,-- 
10/04/2021,13:09:35,1,1,1,228,68,6,0,0,0,7.989279645,101830,40,106,185,484,27,13.71565514,26.6,2.25,20210410,12:00:00,63,47,46.4,40,1,81,9590,2,0,0.59,30.06,23,0,1,2,41,-- 
10/04/2021,14:10:05,1,2,3,249,79,25,2,1,1,9.68228865,101880,39,73,175,403,23,15.07235368,27.2,2.25,20210410,13:00:00,66,44,49.7,42,2,53,81300,4,0,0.59,30.07,26,0,2,1,44,-- 
10/04/2021,15:10:34,0,1,1,204,59,20,2,0,0,6.631601252,101940,40,154,195,553,2,12.62187779,26.1,2.25,20210410,14:00:00,68,44,50.6,55,2,296,79830,2,0,0.59,30.08,34,0,2,1,46,-- 
10/04/2021,16:11:04,1,2,2,306,90,27,2,1,0,5.360914652,102000,37,216,192,686,1,11.06524861,23.9,2.25,20210410,15:00:00,68,44,48.7,51,1,325,5870,1,0,0.59,30.1,31,0,1,2,44,-- 
10/04/2021,17:11:34,2,4,4,531,155,25,3,1,0,4.173079376,102010,38,310,207,811,1,10.08905495,23.4,2.25,20210410,16:00:00,68,43,47,43,2,67,13940,2,0,0.59,30.12,25,0,2,2,41,-- 
10/04/2021,18:12:03,2,4,5,612,170,39,5,1,0,4.334284229,102040,35,317,200,799,0,10.35450447,23.9,2.25,20210410,17:00:00,69,43,47.7,37,3,12,4600,2,0,0.59,30.12,21,0,4,2,41,-- 
10/04/2021,19:12:33,1,2,3,363,101,14,3,2,1,3.742302831,102080,35,300,199,776,0,9.944671191,23.9,2.25,20210410,18:00:00,69,36,47.1,40,2,41,3490,2,0,0.59,30.14,23,0,2,1,41,-- 
10/04/2021,20:13:03,1,2,2,393,110,16,0,0,0,2.946501949,102130,37,400,207,776,0,9.086039811,22.9,2.25,20210410,19:00:00,70,44,45.6,39,3,353,2560,2,0,0.59,30.14,21,0,3,1,39,-- 
10/04/2021,21:13:33,1,1,1,213,59,11,0,0,0,2.216452096,102160,39,229,187,668,0,8.888312989,23.9,2.25,20210410,20:00:00,70,43,43.7,46,1,7,260,0,0,0.59,30.15,23,0,1,1,38,-- 
10/04/2021,22:14:03,0,1,1,210,62,10,1,1,1,1.559545225,102220,44,197,185,636,0,8.125839002,22.9,2.25,20210410,21:00:00,69,44,42,49,1,357,0,0,0,0.59,30.17,23,0,1,1,36,-- 
10/04/2021,23:14:33,1,2,3,303,95,19,2,1,0,1.399884863,102240,45,278,201,754,0,7.83068952,22.3,2.25,20210410,22:00:00,70,44,40,57,1,43,0,0,0,0.59,30.18,25,0,1,1,34,-- 
11/04/2021,0:15:12,2,4,4,579,156,17,7,0,0,1.361589321,102260,45,269,211,906,0,7.804177222,22.3,2.25,20210410,23:00:00,70,44,40.1,56,1,9,0,0,0,0.59,30.19,25,0,1,1,35,-- 
11/04/2021,1:15:41,2,3,3,393,121,32,4,0,0,1.276231831,102310,47,245,206,776,0,7.745083575,22.3,2.25,20210411,0:00:00,69,44,40.4,58,1,51,0,0,--.-- ,0.59,30.2,25,0,1,0,35,-- 
11/04/2021,2:16:11,1,1,2,306,82,9,2,2,0,0.602895876,102350,50,201,205,723,0,7.12508176,21.8,2.25,20210411,1:00:00,68,44,40.7,60,1,36,0,0,0,0.59,30.21,26,0,1,1,35,-- 
11/04/2021,3:16:41,0,1,2,246,70,15,1,1,0,0.373124605,102360,52,202,205,714,0,6.966009342,21.8,2.25,20210411,2:00:00,67,44,38.8,69,2,22,0,0,0,0.59,30.23,-- ,0,2,1,33,38
11/04/2021,4:17:11,0,0,0,183,51,8,0,0,0,-0.128568429,102400,54,189,208,704,0,6.464837241,21.3,2.25,20210411,3:00:00,66,45,38.2,70,1,332,0,0,0,0.59,30.22,-- ,0,1,1,33,39
11/04/2021,5:17:41,0,1,2,228,60,18,4,0,0,-0.540584677,102420,56,175,206,686,0,6.179595224,21.3,2.25,20210411,4:00:00,65,45,37,74,0,347,0,0,0,0.59,30.23,-- ,0,0,1,32,37
11/04/2021,6:18:11,1,2,3,393,118,21,2,1,1,-0.421382554,102440,56,180,200,660,0,6.415965924,21.8,2.25,20210411,5:00:00,64,45,36.5,77,1,18,0,0,0,0.59,30.25,-- ,0,1,1,31,38
11/04/2021,7:18:41,1,1,2,210,58,10,2,1,0,-0.088903037,102490,56,186,187,636,0,6.307682513,20.7,2.25,20210411,6:00:00,63,46,36.6,79,1,27,0,0,0,0.59,30.25,-- ,0,1,0,32,38
11/04/2021,8:19:11,6,13,16,1293,376,99,15,6,1,-0.155163218,102500,57,238,203,733,0,6.600271618,21.8,2.25,20210411,7:00:00,62,46,36.6,80,1,28,1720,0,0,0.59,30.26,-- ,0,1,1,32,38
11/04/2021,9:19:42,13,32,49,2658,753,263,70,24,5,1.000613375,102500,55,384,214,906,0,7.400424644,21.8,2.25,20210411,8:00:00,61,46,37.9,77,1,0,4600,1,0,0.59,30.28,-- ,0,1,1,33,39
11/04/2021,10:20:12,9,16,23,1653,495,151,20,9,2,2.776976731,102530,54,224,200,695,0,8.63021466,21.8,2.25,20210411,9:00:00,60,46,40.1,73,1,27,5270,2,0,0.59,30.27,31,0,1,0,35,-- 
11/04/2021,11:20:42,3,6,8,792,226,54,6,2,1,4.415603364,102560,50,161,186,519,11,10.10311002,22.9,2.25,20210411,10:00:00,61,47,45,64,1,10,27730,1,0,0.59,30.27,33,0,1,0,41,-- 
11/04/2021,12:21:12,1,2,3,288,86,17,4,2,2,9.298893945,102530,37,71,163,374,9,14.31461888,25.6,2.25,20210411,11:00:00,64,45,43.7,68,2,59,13770,2,0,0.59,30.29,32,0,2,2,39,-- 
11/04/2021,13:21:42,1,2,3,264,79,21,3,0,0,9.612151407,102500,42,69,164,374,27,15.02379713,27.2,2.25,20210411,12:00:00,66,44,45.9,67,3,285,22450,2,0,0.59,30.29,34,0,3,2,41,-- 
11/04/2021,14:22:12,0,1,1,174,48,11,1,0,0,11.01528227,102460,37,52,158,324,20,16.30288773,28.2,2.25,20210411,13:00:00,69,42,48.1,60,3,3,78980,4,0,0.59,30.28,33,0,4,3,43,-- 
11/04/2021,15:22:42,1,2,2,264,82,24,1,1,0,7.316066135,102420,40,82,168,410,0,13.24958425,26.6,2.25,20210411,14:00:00,71,42,49.4,61,4,44,78070,4,0,0.59,30.26,35,0,4,2,44,-- 
11/04/2021,16:23:13,1,2,2,375,105,17,0,0,0,5.818632948,102400,44,155,186,547,1,11.3821305,23.9,2.25,20210411,15:00:00,68,38,47.7,61,2,72,6980,1,0,0.59,30.26,33,0,2,3,43,-- 
11/04/2021,17:23:43,1,1,1,324,88,10,0,0,0,4.617125867,102350,44,207,191,628,1,10.55031791,23.9,2.25,20210411,16:00:00,73,41,46.9,59,3,43,5100,1,0,0.59,30.24,32,0,3,3,41,-- 
11/04/2021,18:24:13,5,7,7,1011,290,36,1,1,0,4.734064618,102320,43,142,180,530,0,10.96973704,25,2.25,20210411,17:00:00,71,39,46.8,55,3,23,4370,1,0,0.59,30.23,31,0,3,3,41,-- 
11/04/2021,19:24:43,5,11,13,1092,314,70,16,3,2,4.642503205,102290,45,106,180,475,0,10.56788683,23.9,2.25,20210411,18:00:00,70,40,47.4,55,2,20,3520,2,0,0.59,30.22,31,0,2,2,42,-- 
11/04/2021,20:25:12,14,28,34,2640,773,207,36,9,1,3.186971927,102280,48,123,185,530,0,9.898672873,25,2.25,20210411,19:00:00,71,41,45.8,56,2,33,2700,1,0,0.59,30.22,30,0,2,2,41,-- 
11/04/2021,21:25:42,10,16,18,1749,526,115,12,2,1,2.305040459,102320,45,197,194,628,0,8.949643395,23.9,2.25,20210411,20:00:00,69,42,43.4,64,2,7,270,0,0,0.59,30.21,31,0,2,2,38,-- 
11/04/2021,22:26:12,7,10,11,1245,365,73,3,1,0,1.644903078,102350,44,160,171,566,0,8.1849329,22.9,2.25,20210411,21:00:00,68,44,41.2,62,2,27,0,0,0,0.59,30.22,29,0,2,2,36,-- 
11/04/2021,23:26:42,6,8,8,1140,340,50,1,1,0,1.292398579,102320,44,253,184,668,0,7.940891324,22.9,2.25,20210411,22:00:00,67,44,40,55,2,43,0,0,0,0.59,30.23,24,0,2,1,34,-- 
12/04/2021,0:27:14,0,1,1,258,66,7,2,1,0,0.83838896,102330,47,187,194,677,0,7.626576972,22.9,2.25,20210411,23:00:00,65,45,39.8,62,1,357,0,0,0,0.59,30.22,-- ,0,1,1,34,41
12/04/2021,1:27:45,1,2,2,345,100,15,2,0,0,0.740112697,102350,48,175,189,628,0,7.558539559,22.9,2.25,20210412,0:00:00,64,45,39.9,62,1,37,0,0,--.-- ,0.59,30.22,-- ,0,1,1,35,41
12/04/2021,2:28:15,0,0,0,294,84,14,0,0,0,0.515415606,102340,52,134,194,599,0,7.402980035,22.9,2.25,20210412,1:00:00,63,45,38.9,64,2,1,0,0,0,0.59,30.22,-- ,0,2,1,33,38
12/04/2021,3:28:44,1,1,1,222,70,9,0,0,0,0.145842797,102340,51,163,198,636,0,7.147121937,22.9,2.25,20210412,2:00:00,62,46,39,68,1,338,0,0,0,0.59,30.23,-- ,0,1,0,34,40
12/04/2021,4:29:14,1,2,2,372,112,17,1,0,0,0.068775401,102340,54,134,194,592,0,6.9091522,22.3,2.25,20210412,3:00:00,61,46,38,70,1,357,0,0,0,0.59,30.23,-- ,0,1,1,33,39
12/04/2021,5:29:44,0,0,1,348,96,9,1,1,1,0.773148345,102320,58,164,199,628,0,7.242948854,21.8,2.25,20210412,4:00:00,60,46,37.9,73,1,1,0,0,0,0.59,30.22,-- ,0,1,1,33,39
12/04/2021,6:30:14,1,2,2,366,101,20,0,0,0,0.943401038,102350,58,207,202,652,0,7.360816103,21.8,2.25,20210412,5:00:00,59,46,37.8,82,1,12,0,0,0,0.59,30.22,-- ,0,1,1,33,39
12/04/2021,7:30:44,0,0,0,174,46,3,0,0,0,1.008457004,102390,59,207,202,677,0,7.405854849,21.8,2.25,20210412,6:00:00,58,46,38.7,82,1,31,0,0,0,0.59,30.22,-- ,0,2,1,34,40
12/04/2021,8:31:14,1,1,2,264,66,12,1,1,1,2.285760779,102380,58,198,199,628,0,8.443988232,22.3,2.25,20210412,7:00:00,57,47,39.5,80,3,52,1750,0,0,0.59,30.23,-- ,0,3,1,34,37
12/04/2021,9:31:44,1,1,1,291,84,10,1,0,0,3.445274778,102370,58,184,198,585,0,9.431344077,22.9,2.25,20210412,8:00:00,57,47,41.2,79,2,45,3800,2,0,0.59,30.25,34,0,2,1,37,-- 
12/04/2021,10:32:14,1,2,2,339,102,18,0,0,0,3.856730825,102380,56,144,193,530,0,10.02389057,23.9,2.25,20210412,9:00:00,57,47,44.1,75,0,318,4290,1,0,0.59,30.24,35,0,0,1,41,-- 
12/04/2021,11:32:44,3,8,8,723,214,65,9,1,0,7.918960406,102340,48,45,150,298,26,13.51312643,26.1,2.25,20210412,10:00:00,57,47,47.3,69,1,23,45640,3,0,0.59,30.24,36,0,2,3,43,-- 
12/04/2021,12:33:14,1,3,3,468,140,32,3,0,0,11.51253065,102310,39,31,137,238,6,17.17021353,29.9,2.25,20210412,11:00:00,60,47,47.6,67,2,342,25940,2,0,0.59,30.24,36,0,2,2,43,-- 
12/04/2021,13:33:44,0,1,1,354,102,14,0,0,0,13.48333738,102290,29,32,128,237,27,19.02692588,31.5,2.25,20210412,12:00:00,63,45,50.1,61,1,12,11520,2,0,0.59,30.23,37,0,1,2,46,-- 
12/04/2021,14:34:13,2,2,3,345,105,17,2,2,1,14.95972257,102260,28,25,118,188,17,20.20288486,32,2.25,20210412,13:00:00,68,43,54.6,49,3,15,83400,3,0,0.59,30.22,34,0,3,1,49,-- 
12/04/2021,15:34:43,1,1,1,258,64,8,2,0,0,10.73842719,102240,28,52,144,312,1,16.7881419,30.4,2.25,20210412,14:00:00,70,40,55.6,42,1,84,81300,2,0,0.59,30.22,32,0,2,2,51,-- 
12/04/2021,16:35:12,0,0,0,258,64,7,0,0,0,9.731845372,102230,28,74,149,365,1,15.93743141,29.9,2.25,20210412,15:00:00,71,37,55.6,39,1,17,6050,1,0,0.59,30.21,30,0,1,1,51,-- 
12/04/2021,17:35:42,1,2,2,321,98,19,1,0,0,9.412766187,102240,28,62,143,341,0,15.3780689,28.8,2.25,20210412,16:00:00,75,39,55.3,33,1,85,4910,1,0,0.59,30.2,25,0,1,0,50,-- 
12/04/2021,18:36:12,0,0,0,246,66,9,0,0,0,8.754767351,102250,28,79,150,374,0,14.92253124,28.8,2.25,20210412,17:00:00,75,39,55.1,33,3,50,4190,1,0,0.59,30.2,25,0,3,1,48,-- 
12/04/2021,19:36:41,0,0,0,318,74,8,1,0,0,7.481011017,102240,38,43,142,296,0,13.7022384,27.7,2.25,20210412,18:00:00,73,41,54.2,33,1,17,3800,1,0,0.59,30.21,25,0,1,2,49,-- 
12/04/2021,20:37:12,1,1,1,276,84,12,1,0,0,5.547947523,102270,43,56,155,346,0,12.21011752,27.2,2.25,20210412,19:00:00,72,42,52.5,34,1,70,2750,1,0,0.59,30.2,24,0,1,1,47,-- 
12/04/2021,21:37:41,1,1,1,315,87,16,0,0,0,4.902506677,102300,43,62,150,351,0,11.27096616,25.6,2.25,20210412,20:00:00,71,44,47.9,57,1,3,310,0,0,0.59,30.2,32,0,1,1,43,-- 
12/04/2021,22:38:11,1,2,2,303,90,15,1,1,0,3.745557199,102330,44,69,160,393,0,10.1315396,24.5,2.25,20210412,21:00:00,70,46,45.3,62,2,27,0,0,0,0.59,30.21,32,0,2,1,40,-- 
12/04/2021,23:38:41,1,2,2,318,96,14,0,0,0,4.10332105,102350,45,91,162,407,0,10.53306842,25,2.25,20210412,22:00:00,68,45,43.5,61,2,33,0,0,0,0.59,30.22,30,0,2,1,38,-- 
13/04/2021,0:39:22,0,0,0,360,92,8,0,0,0,4.130108946,102370,47,81,175,432,0,10.73622927,25.6,2.25,20210412,23:00:00,67,45,44.1,58,1,58,0,0,0,0.59,30.23,29,0,1,1,39,-- 
13/04/2021,1:39:52,2,3,3,852,177,14,0,0,0,3.222524422,102390,48,80,173,425,0,10.10790152,25.6,2.25,20210413,0:00:00,66,45,45.8,62,2,22,0,0,--.-- ,0.59,30.23,32,0,2,1,41,-- 
13/04/2021,2:40:22,1,2,2,471,136,15,2,0,0,3.501013331,102410,51,50,145,319,0,9.962239999,24.5,2.25,20210413,1:00:00,65,45,44.7,67,1,39,0,0,0,0.59,30.23,34,0,1,1,41,-- 
13/04/2021,3:40:52,0,0,0,294,82,8,1,0,0,2.602837347,102430,48,101,180,475,0,9.49427201,25,2.25,20210413,2:00:00,64,45,43.6,67,2,30,0,0,0,0.59,30.24,32,0,2,2,39,-- 
13/04/2021,4:41:22,1,3,3,399,128,23,2,0,0,2.655241925,102440,50,103,183,479,0,9.192090564,23.9,2.25,20210413,3:00:00,63,45,43.3,67,0,32,0,0,0,0.59,30.25,32,0,1,0,39,-- 
13/04/2021,5:41:52,2,4,6,573,162,46,6,2,0,3.244276974,102440,49,117,184,509,0,9.446037905,23.4,2.25,20210413,4:00:00,62,46,42.2,65,0,33,0,0,0,0.59,30.26,30,0,0,1,38,-- 
13/04/2021,6:42:21,3,4,4,546,166,27,3,0,0,2.540375661,102490,48,120,177,489,0,9.29718315,24.5,2.25,20210413,5:00:00,61,46,43.4,65,2,60,0,0,0,0.59,30.26,32,0,2,1,38,-- 
13/04/2021,7:42:51,2,2,2,429,124,9,0,0,0,2.628019379,102500,50,131,180,509,0,9.173244186,23.9,2.25,20210413,6:00:00,60,46,43.3,64,0,14,0,0,0,0.59,30.26,31,0,0,1,39,-- 
13/04/2021,8:43:21,2,2,2,390,114,11,0,0,0,4.429795121,102500,49,97,172,440,0,10.42062739,23.9,2.25,20210413,7:00:00,60,46,41.5,67,1,25,1880,0,0,0.59,30.28,30,0,1,1,37,-- 
13/04/2021,9:43:51,1,3,3,399,121,14,4,0,0,5.752426345,102550,45,152,180,494,0,11.85937208,25.6,2.25,20210413,8:00:00,59,46,44.5,65,1,348,3970,1,0,0.59,30.28,32,0,1,1,40,-- 
13/04/2021,10:44:20,1,2,3,339,109,22,2,1,0,6.196275663,102550,45,120,176,466,1,11.982037,25,2.25,20210413,9:00:00,59,47,48.6,63,1,25,4430,2,0,0.59,30.29,36,0,1,0,45,-- 
13/04/2021,11:44:50,2,3,3,417,118,15,1,0,0,9.950614494,102500,35,75,157,365,27,14.91965619,26.1,2.25,20210413,10:00:00,62,45,52.8,47,3,36,46360,2,0,0.59,30.29,32,0,3,1,47,-- 
13/04/2021,12:45:21,3,3,3,609,174,15,0,0,0,13.67483914,102450,27,30,124,211,4,19.15950402,31.5,2.25,20210413,11:00:00,67,43,52.1,48,4,7,24250,2,0,0.59,30.29,32,0,4,2,46,-- 
13/04/2021,13:45:50,3,4,5,720,180,33,2,0,0,17.90689154,102370,20,21,102,143,26,23.07400184,34.7,2.25,20210413,12:00:00,70,42,54.7,41,3,47,9750,2,0,0.59,30.27,30,0,3,2,49,-- 
13/04/2021,14:46:20,4,5,6,1350,334,21,1,1,1,17.81295818,102300,16,22,108,158,4,23.1628172,35.2,2.25,20210413,13:00:00,73,41,61.3,30,3,9,82920,3,0,0.59,30.26,29,0,3,2,55,-- 
13/04/2021,15:46:50,7,7,7,1728,414,17,0,0,0,13.15318728,102250,20,34,126,238,1,19.13682196,32.6,2.25,20210413,14:00:00,73,41,61.8,23,3,57,82480,3,0,0.59,30.24,22,0,3,1,55,-- 
13/04/2021,16:47:20,4,5,5,1341,297,8,3,0,0,12.49860749,102200,21,41,128,258,1,18.3451898,31.5,2.25,20210413,15:00:00,74,42,61.4,24,1,80,6370,2,0,0.59,30.22,23,0,1,1,56,-- 
13/04/2021,17:47:50,4,4,5,1077,258,14,1,1,1,11.39109471,102150,23,48,134,286,0,17.3938348,30.9,2.25,20210413,16:00:00,74,40,60.5,22,3,23,5330,2,0,0.59,30.2,20,0,3,1,53,-- 
13/04/2021,18:48:20,3,4,4,954,201,23,1,0,0,11.30346739,102100,25,35,124,226,0,17.51778511,31.5,2.25,20210413,17:00:00,74,41,60.3,24,3,345,4310,2,0,0.59,30.19,22,0,4,2,53,-- 
13/04/2021,19:48:49,2,2,2,780,169,8,0,0,0,9.262756299,102070,32,37,138,252,0,15.76652359,30.4,2.25,20210413,18:00:00,72,41,59.5,27,3,64,3670,1,0,0.59,30.18,25,0,3,2,53,-- 
13/04/2021,20:49:20,2,2,3,957,205,6,2,1,0,8.344096559,102070,28,60,143,317,0,14.63822069,28.8,2.25,20210413,19:00:00,71,42,57.7,34,2,36,2810,2,0,0.59,30.16,29,0,2,1,52,-- 
13/04/2021,21:49:50,4,4,4,1836,365,6,0,0,0,7.777486944,102060,28,83,145,365,0,13.56902942,26.6,2.25,20210413,20:00:00,71,46,52.5,40,2,2,380,0,0,0.59,30.15,28,0,2,1,47,-- 
13/04/2021,22:50:20,9,10,10,2418,591,15,0,0,0,7.500669002,102050,29,87,146,377,0,13.56200162,27.2,2.25,20210413,21:00:00,69,45,52.4,31,3,36,0,0,0,0.59,30.15,22,0,3,2,45,-- 
13/04/2021,23:50:49,13,14,14,3750,844,21,0,0,0,7.714213419,102020,28,68,139,324,0,14.01753237,28.2,2.25,20210413,22:00:00,69,45,52.5,32,1,351,0,0,0,0.59,30.15,23,0,1,1,47,-- 
14/04/2021,0:51:29,7,10,10,1218,349,64,3,0,0,7.710580825,102020,28,84,148,380,0,13.5227098,26.6,2.25,20210413,23:00:00,68,45,52.8,35,2,27,0,0,0,0.59,30.14,25,0,2,2,47,-- 
14/04/2021,1:51:59,4,6,6,774,229,32,1,0,0,6.0388619,102040,41,58,152,333,0,12.36536593,26.6,2.25,20210414,0:00:00,66,45,52.2,33,2,40,0,0,--.-- ,0.59,30.14,23,0,2,1,46,-- 
14/04/2021,2:52:28,3,6,7,699,195,54,5,1,0,4.989429401,102050,45,60,158,346,0,11.48498958,26.1,2.25,20210414,1:00:00,66,45,51.4,34,2,35,0,0,0,0.59,30.13,22,0,2,2,45,-- 
14/04/2021,3:52:58,1,3,3,420,128,21,1,0,0,4.379269002,102040,46,88,167,400,0,10.90872469,25.6,2.25,20210414,2:00:00,65,45,46.5,63,2,45,0,0,0,0.59,30.14,34,0,2,1,42,-- 
14/04/2021,4:53:28,1,2,3,387,108,18,3,0,0,4.554374651,102030,45,125,175,461,0,10.50687476,23.9,2.25,20210414,3:00:00,64,46,44.6,67,1,17,0,0,0,0.59,30.14,34,0,1,1,40,-- 
14/04/2021,5:53:58,1,2,2,378,92,16,2,0,0,4.310577763,102030,44,138,178,494,0,10.18424614,23.4,2.25,20210414,4:00:00,63,46,43.7,68,2,7,0,0,0,0.59,30.15,32,0,2,2,39,-- 
14/04/2021,6:54:28,2,2,2,390,120,8,0,0,0,4.196986506,102040,47,120,175,453,0,10.59791374,25,2.25,20210414,5:00:00,62,46,46.3,58,2,33,0,0,0,0.59,30.14,30,0,2,2,41,-- 
14/04/2021,7:54:58,1,2,2,321,95,17,1,0,0,4.227180807,102040,48,84,168,380,0,10.95727902,26.1,2.25,20210414,6:00:00,61,46,47,52,3,28,0,0,0,0.59,30.14,29,0,3,2,41,-- 
14/04/2021,8:55:28,1,2,2,390,108,14,0,0,0,6.150164824,102030,46,94,167,377,0,12.13472949,25.6,2.25,20210414,7:00:00,61,46,44,66,1,36,1960,0,0,0.59,30.14,32,0,1,0,39,-- 
14/04/2021,9:55:57,0,0,0,321,82,10,0,0,0,7.593876197,101990,43,71,157,333,0,13.62652967,27.2,2.25,20210414,8:00:00,61,47,46.2,67,2,13,3860,1,0,0.59,30.14,34,0,2,1,42,-- 
14/04/2021,10:56:27,1,2,2,330,90,10,2,1,0,7.57012634,101950,44,93,168,390,4,13.27162593,26.1,2.25,20210414,9:00:00,61,52,50.9,57,3,13,4210,1,0,0.59,30.14,35,0,3,1,46,-- 
14/04/2021,11:56:57,0,1,1,252,68,11,1,0,0,14.20479712,101880,34,20,106,142,28,19.18793647,30.4,2.25,20210414,10:00:00,62,48,55.7,52,0,22,48330,2,0,0.59,30.13,37,0,1,0,53,-- 
14/04/2021,12:57:27,1,2,2,411,120,18,0,0,0,15.39559898,101780,33,22,117,157,27,20.35079929,31.5,2.25,20210414,11:00:00,67,46,54.8,48,3,40,9220,2,0,0.59,30.12,34,0,3,3,50,-- 
14/04/2021,13:57:57,1,2,2,423,112,10,3,0,0,19.14252933,101720,25,15,99,105,25,24.26790492,35.8,2.25,20210414,12:00:00,71,43,57.3,43,3,18,6430,2,0,0.59,30.1,34,0,3,3,52,-- 
14/04/2021,14:58:26,2,3,3,483,141,28,1,1,0,15.91546344,101620,22,25,122,188,4,22.03378238,35.8,2.25,20210414,13:00:00,74,42,60.3,42,3,40,84300,3,0,0.59,30.07,35,0,3,2,55,-- 
14/04/2021,15:58:56,1,2,2,360,108,18,0,0,0,14.50174551,101530,22,34,127,225,1,20.71659305,34.7,2.25,20210414,14:00:00,74,38,64.5,32,2,50,83620,2,0,0.59,30.05,33,0,2,2,60,-- 
14/04/2021,16:59:26,3,6,7,789,222,46,4,1,0,15.43409665,101450,25,19,106,138,1,21.02360538,33.6,2.25,20210414,15:00:00,74,38,62.4,33,0,332,5520,1,0,0.59,30.02,31,0,0,0,58,-- 
14/04/2021,17:59:55,4,6,7,900,246,52,5,1,0,14.70089482,101390,20,24,114,167,0,20.70061949,34.2,2.25,20210414,16:00:00,75,40,63.4,30,0,175,4980,1,0,0.59,30,30,0,0,0,59,-- 
14/04/2021,19:00:25,4,6,6,741,219,33,5,1,0,12.43833327,101360,29,37,131,220,0,18.94961534,33.6,2.25,20210414,17:00:00,75,41,63.9,31,2,37,4040,1,0,0.59,29.97,31,0,2,1,59,-- 
14/04/2021,20:00:55,2,3,4,486,145,19,3,0,0,11.41625244,101360,25,26,110,167,0,17.74971323,32,2.25,20210414,18:00:00,74,42,64.5,25,0,358,3370,2,0,0.59,29.96,27,0,0,0,60,-- 
14/04/2021,21:01:25,2,3,3,501,140,23,0,0,0,11.16110525,101380,25,38,127,226,0,17.08076518,30.4,2.25,20210414,19:00:00,73,42,60.2,38,0,346,2760,1,0,0.59,29.94,33,0,0,0,56,-- 
14/04/2021,22:01:55,3,5,5,582,183,22,4,0,0,9.780757365,101400,30,41,140,250,0,15.97129356,29.9,2.25,20210414,20:00:00,72,44,56.7,30,0,335,470,0,0,0.59,29.94,24,0,0,0,52,-- 
14/04/2021,23:02:24,3,5,5,708,196,34,2,0,0,9.230688461,101400,30,49,137,259,0,15.40586124,29.3,2.25,20210414,21:00:00,71,44,58,28,1,31,0,0,0,0.59,29.95,24,0,1,1,52,-- 
15/04/2021,0:03:05,1,3,3,456,112,35,0,0,0,7.944686441,101420,37,31,143,306,0,14.51555215,29.3,2.25,20210414,22:00:00,70,45,54.6,36,0,1,0,0,0,0.59,29.95,27,0,1,1,50,-- 
15/04/2021,1:03:35,2,4,5,633,174,36,5,2,0,7.508974591,101480,42,43,153,278,0,13.56775164,27.2,2.25,20210414,23:00:00,69,49,53.7,39,1,12,0,0,0,0.59,29.96,29,0,1,1,49,-- 
15/04/2021,2:04:04,2,3,3,543,150,19,0,0,0,7.250944616,101490,43,46,155,284,0,13.69680781,28.2,2.25,20210415,0:00:00,68,47,51.9,52,2,11,0,0,--.-- ,0.59,29.96,34,0,2,1,47,-- 
15/04/2021,3:04:34,3,5,5,681,194,40,0,0,0,6.685059968,101480,46,35,152,252,0,13.15119536,27.7,2.25,20210415,1:00:00,67,46,51.8,52,3,9,0,0,0,0.59,29.98,34,0,3,2,46,-- 
15/04/2021,4:05:04,3,5,5,771,202,41,3,0,0,5.708519918,101500,51,66,171,346,0,12.32128302,27.2,2.25,20210415,2:00:00,66,46,49.8,60,1,356,0,0,0,0.59,29.98,34,0,1,0,46,-- 
15/04/2021,5:05:34,2,3,3,606,158,17,2,0,0,5.570987486,101530,51,34,150,245,0,12.04145288,26.6,2.25,20210415,3:00:00,65,46,48.6,66,1,31,0,0,0,0.59,29.98,37,0,1,1,45,-- 
15/04/2021,6:06:04,3,4,4,639,183,42,1,0,0,5.074329037,101570,49,41,153,273,0,11.54376626,26.1,2.25,20210415,4:00:00,64,46,47.4,73,1,350,0,0,0,0.59,29.98,38,0,1,1,44,-- 
15/04/2021,7:06:34,2,3,3,522,150,19,0,0,0,4.752548574,101600,52,43,156,278,0,11.16714901,25.6,2.25,20210415,5:00:00,64,46,46.1,78,2,10,0,0,0,0.59,29.99,38,0,2,1,42,-- 
15/04/2021,8:07:03,2,3,3,477,136,16,2,0,0,4.989429401,101650,53,41,156,268,0,11.48498958,26.1,2.25,20210415,6:00:00,63,47,45.2,69,2,13,0,0,0,0.59,30,35,0,2,1,41,-- 
15/04/2021,9:07:33,2,3,4,537,147,32,3,1,0,6.148710781,101670,45,91,169,368,0,12.62603054,27.2,2.25,20210415,7:00:00,62,47,44.6,75,2,7,2050,0,0,0.59,30.01,37,0,2,1,40,-- 
15/04/2021,10:08:03,2,3,4,495,140,23,3,2,1,7.844393097,101670,49,46,154,271,1,13.61534907,26.6,2.25,20210415,8:00:00,62,47,46,76,0,3,4020,1,0,0.59,30.02,37,0,0,1,43,-- 
15/04/2021,11:08:32,2,3,3,528,153,21,0,0,0,8.738117175,101680,49,41,149,248,7,14.72638881,28.2,2.25,20210415,9:00:00,61,47,49.3,60,1,294,4600,1,0,0.59,30.04,34,0,1,0,45,-- 
15/04/2021,12:09:02,2,3,3,501,155,18,0,0,0,16.92928966,101650,34,12,91,76,24,21.75104669,32.6,2.25,20210415,10:00:00,62,47,54.2,57,3,29,47040,2,0,0.59,30.03,38,0,3,2,50,-- 
15/04/2021,13:09:32,2,3,3,525,139,17,2,0,0,18.12285991,101600,33,14,105,100,28,23.2235184,34.7,2.25,20210415,11:00:00,62,46,56.1,58,2,40,10470,2,0,0.59,30.04,40,0,2,1,53,-- 
15/04/2021,14:10:02,2,2,3,492,133,8,2,2,0,18.13972758,101580,30,16,112,119,22,23.08134987,34.2,2.25,20210415,12:00:00,65,45,59.2,50,3,8,7420,2,0,0.59,30.04,40,0,3,2,55,-- 
15/04/2021,15:10:32,2,3,3,564,161,26,0,0,0,17.54299795,101560,26,15,109,116,2,22.97592166,35.2,2.25,20210415,13:00:00,68,43,62.9,43,3,40,83920,2,0,0.59,30.02,39,0,3,2,59,-- 
15/04/2021,16:11:02,2,3,3,504,153,20,1,0,0,14.66444566,101510,29,26,133,198,1,20.18307776,32.6,2.25,20210415,14:00:00,68,40,64.6,39,3,43,82860,4,0,0.59,30.01,38,0,3,3,60,-- 
15/04/2021,17:11:32,1,3,3,582,175,30,1,0,0,15.32519215,101460,26,21,119,153,1,20.94820995,33.6,2.25,20210415,15:00:00,69,43,66,33,2,339,6070,1,0,0.59,30.01,34,0,2,2,61,-- 
15/04/2021,18:12:02,2,3,3,579,164,21,0,0,0,15.30237826,101450,24,19,108,129,0,21.27087726,34.7,2.25,20210415,16:00:00,70,43,64.7,33,6,11,5130,1,0,0.59,29.99,34,0,6,3,58,-- 
15/04/2021,19:12:32,3,4,5,642,189,30,2,1,1,14.25578843,101430,26,17,103,112,0,20.54631507,34.7,2.25,20210415,17:00:00,70,41,65.2,30,2,32,4470,1,0,0.59,29.98,32,0,2,2,60,-- 
15/04/2021,20:13:02,3,3,3,597,165,23,0,0,0,12.77710587,101440,29,19,110,129,0,18.87645791,32.6,2.25,20210415,18:00:00,69,41,65.7,28,2,19,3570,1,0,0.59,29.97,30,0,2,1,61,-- 
15/04/2021,21:13:32,2,3,3,549,153,15,1,0,0,11.22502228,101480,30,27,121,169,0,17.46347696,31.5,2.25,20210415,19:00:00,67,37,64.2,31,1,26,2900,1,0,0.59,29.97,31,0,1,1,59,-- 
15/04/2021,22:14:02,2,3,3,522,152,25,0,0,0,10.77026643,101510,32,29,124,179,0,16.81018445,30.4,2.25,20210415,20:00:00,67,40,60.1,34,2,27,520,0,0,0.59,29.97,30,0,2,1,55,-- 
15/04/2021,23:14:32,1,2,3,552,166,25,2,0,0,10.22507623,101570,38,25,130,172,0,16.09428355,29.3,2.25,20210415,21:00:00,67,42,57.2,38,2,13,0,0,0,0.59,29.98,32,0,2,2,52,-- 
16/04/2021,0:15:10,2,4,4,615,187,37,2,0,0,8.144945695,101630,39,37,148,259,0,14.65419317,29.3,2.25,20210415,22:00:00,67,43,56.1,42,2,8,0,0,0,0.59,29.99,32,0,2,1,51,-- 
16/04/2021,1:15:40,3,4,6,672,197,37,3,2,2,7.914932987,101670,40,40,143,244,0,14.15649207,28.2,2.25,20210415,23:00:00,66,45,55.2,49,2,9,0,0,0,0.59,30,34,0,2,2,51,-- 
16/04/2021,2:16:10,3,4,4,672,191,23,0,0,0,7.636730704,101700,43,35,140,222,0,14.14850587,28.8,2.25,20210416,0:00:00,66,46,51.6,55,1,29,0,0,--.-- ,0.59,30.01,34,0,1,1,47,-- 
16/04/2021,3:16:40,4,4,4,669,192,35,1,0,0,7.098249304,101750,44,45,152,258,0,13.77571106,28.8,2.25,20210416,1:00:00,65,46,50.6,56,2,2,0,0,0,0.59,30.03,34,0,2,1,46,-- 
16/04/2021,4:17:10,4,5,5,834,245,24,1,0,0,7.471321149,101800,46,33,146,222,0,13.69553003,27.7,2.25,20210416,2:00:00,64,46,51.2,57,1,352,0,0,0,0.59,30.04,35,0,1,0,47,-- 
16/04/2021,5:17:40,3,5,5,747,228,38,1,0,0,6.748735872,101840,44,54,157,278,0,13.19527868,27.7,2.25,20210416,3:00:00,64,47,50.7,61,1,15,0,0,0,0.59,30.05,37,0,1,1,47,-- 
16/04/2021,6:18:09,4,5,5,837,240,26,3,0,0,6.239148502,101880,44,47,151,263,0,12.68864127,27.2,2.25,20210416,4:00:00,63,47,51.7,62,2,42,0,0,0,0.59,30.07,37,0,2,0,48,-- 
16/04/2021,7:18:39,4,5,6,855,219,33,2,1,0,6.363518391,101920,48,37,149,240,1,12.43628196,26.1,2.25,20210416,5:00:00,62,47,49.1,63,1,15,0,0,0,0.59,30.08,36,0,1,1,45,-- 
16/04/2021,8:19:09,4,5,5,957,264,33,0,0,0,6.35191553,101960,48,60,163,302,0,12.92055691,27.7,2.25,20210416,6:00:00,62,47,48.3,59,0,340,10,0,0,0.59,30.09,34,0,0,1,45,-- 
16/04/2021,9:19:39,5,6,7,996,261,36,3,2,0,8.59234459,102000,41,41,145,233,0,14.81008472,28.8,2.25,20210416,7:00:00,61,47,47.4,67,2,356,2250,0,0,0.59,30.1,36,0,2,1,43,-- 
16/04/2021,10:20:09,4,5,6,804,221,33,5,1,0,9.355315934,102020,42,58,158,288,1,15.67675719,29.9,2.25,20210416,8:00:00,61,48,48.9,67,0,339,4270,1,0,0.59,30.11,37,0,0,0,46,-- 
16/04/2021,11:20:39,2,3,3,723,195,28,1,0,0,11.83457015,102010,36,31,126,193,18,17.20854856,29.3,2.25,20210416,9:00:00,62,48,54.2,54,2,23,4810,2,0,0.59,30.12,37,0,2,2,50,-- 
16/04/2021,12:21:09,3,4,4,810,246,22,0,0,0,17.61174444,101970,28,14,100,97,16,22.53120769,33.6,2.25,20210416,10:00:00,62,48,55.9,51,1,168,48850,2,0,0.59,30.14,37,0,1,0,52,-- 
16/04/2021,13:21:39,4,4,5,852,224,28,1,1,1,21.24574774,101920,26,10,86,62,27,26.37013305,37.9,2.25,20210416,11:00:00,63,45,61.2,41,3,32,21540,2,0,0.59,30.14,36,0,3,2,56,-- 
16/04/2021,14:22:09,4,6,6,771,222,46,1,0,0,21.36622841,101900,27,10,94,68,19,26.14585044,36.9,2.25,20210416,12:00:00,64,42,60.3,42,3,30,22860,2,0,0.59,30.13,35,0,3,3,55,-- 
16/04/2021,15:22:38,3,4,5,648,192,19,4,2,1,18.62087561,101850,27,12,102,89,1,24.24522157,36.9,2.25,20210416,13:00:00,67,40,66.4,36,3,14,82330,2,0,0.59,30.12,38,0,3,3,62,-- 
16/04/2021,16:23:08,4,5,5,795,226,26,2,0,0,17.31251891,101790,27,16,112,113,1,22.66251309,34.7,2.25,20210416,14:00:00,67,40,67,36,3,39,82770,4,0,0.59,30.11,38,0,3,2,62,-- 
16/04/2021,17:23:37,4,5,5,807,217,25,1,1,1,16.49527012,101750,25,14,102,98,1,22.58903316,36.3,2.25,20210416,15:00:00,67,40,66.2,36,2,80,6590,1,0,0.59,30.11,38,0,3,2,62,-- 
16/04/2021,18:24:08,3,4,5,618,175,42,2,1,1,16.33349077,101700,25,14,100,91,0,22.13857053,35.2,2.25,20210416,16:00:00,69,39,67.1,35,2,35,5270,2,0,0.59,30.08,37,0,2,2,63,-- 
16/04/2021,19:24:37,4,5,5,906,250,61,1,0,0,14.97151099,101670,29,14,100,91,1,21.0418153,34.7,2.25,20210416,17:00:00,70,38,67.2,33,2,35,19430,2,0,0.59,30.07,36,0,2,2,63,-- 
16/04/2021,20:25:07,3,5,5,723,208,35,4,1,0,12.77802877,101680,33,17,116,121,0,18.87709684,32.6,2.25,20210416,18:00:00,69,37,67.7,31,1,27,3750,2,0,0.59,30.06,34,0,1,1,63,-- 
16/04/2021,21:25:37,3,5,5,750,218,21,1,0,0,10.88955464,101710,34,22,125,150,0,17.23123013,31.5,2.25,20210416,19:00:00,68,37,65.3,34,1,21,3030,1,0,0.59,30.04,35,0,1,1,61,-- 
16/04/2021,22:26:07,4,7,7,885,249,48,2,1,0,9.902303912,101720,37,24,129,158,0,16.20928732,30.4,2.25,20210416,20:00:00,68,40,60.6,40,2,25,550,0,0,0.59,30.03,34,0,2,2,56,-- 
16/04/2021,23:26:37,4,5,5,699,205,27,2,0,0,9.642327245,101740,35,27,131,169,0,15.87545732,29.9,2.25,20210416,21:00:00,68,42,56.3,44,2,17,0,0,0,0.59,30.04,33,0,2,2,52,-- 
17/04/2021,0:27:17,3,4,5,624,181,25,2,0,0,8.852816954,101770,37,29,134,194,0,15.32887328,29.9,2.25,20210416,22:00:00,68,50,55.1,49,2,13,0,0,0,0.59,30.05,34,0,2,2,50,-- 
17/04/2021,1:27:47,5,7,8,1074,317,37,4,1,0,8.839395503,101800,41,32,143,207,0,15.13496612,29.3,2.25,20210416,23:00:00,67,49,54.4,47,2,20,0,0,0,0.59,30.05,33,0,2,2,50,-- 
17/04/2021,2:28:17,6,7,7,981,295,37,0,0,0,8.541312272,101810,43,27,135,180,0,14.9286008,29.3,2.25,20210417,0:00:00,66,47,53.9,49,2,17,0,0,--.-- ,0.59,30.06,34,0,2,1,49,-- 
17/04/2021,3:28:47,4,6,6,837,251,30,1,0,0,8.018790843,101850,45,27,136,180,0,14.41300905,28.8,2.25,20210417,1:00:00,65,47,53,54,2,7,0,0,0,0.59,30.07,35,0,2,1,49,-- 
17/04/2021,4:29:17,4,4,4,777,208,22,0,0,0,7.786195573,101880,47,32,144,203,0,14.06736617,28.2,2.25,20210417,2:00:00,64,47,53,57,1,2,0,0,0,0.59,30.07,37,0,1,1,49,-- 
17/04/2021,5:29:47,2,2,3,495,124,14,2,0,0,7.299393965,101880,48,34,153,220,0,13.73034967,28.2,2.25,20210417,3:00:00,64,47,51.1,63,1,26,0,0,0,0.59,30.08,37,0,2,1,47,-- 
17/04/2021,6:30:17,2,4,4,654,171,29,2,0,0,6.691058421,101930,49,30,145,202,0,13.15534814,27.7,2.25,20210417,4:00:00,63,47,51,64,1,17,0,0,0,0.59,30.09,38,0,1,1,47,-- 
17/04/2021,7:30:47,2,2,2,516,137,9,0,0,0,6.510643521,101950,49,33,146,210,0,13.03044551,27.7,2.25,20210417,5:00:00,62,47,50.6,66,2,11,0,0,0,0.59,30.1,39,0,2,1,47,-- 
17/04/2021,8:31:17,2,3,3,552,159,26,2,0,0,7.809949975,101970,50,40,158,244,0,14.42227306,29.3,2.25,20210417,6:00:00,62,48,49.2,70,0,307,10,0,0,0.59,30.1,38,0,0,0,46,-- 
17/04/2021,9:31:47,3,4,5,636,174,21,6,1,0,9.028120379,101970,46,44,158,250,0,15.2656218,29.3,2.25,20210417,7:00:00,61,48,47.6,71,1,10,2300,0,0,0.59,30.11,37,0,1,1,44,-- 
17/04/2021,10:32:17,4,4,4,699,212,32,0,0,0,10.87132146,101970,42,31,140,192,0,16.88014562,30.4,2.25,20210417,8:00:00,61,48,50.6,68,1,5,4250,1,0,0.59,30.12,39,0,2,1,47,-- 
17/04/2021,11:32:48,3,3,4,546,164,31,1,1,1,14.64804162,101960,37,13,102,93,27,19.83325958,31.5,2.25,20210417,9:00:00,61,48,53.1,63,0,344,4760,2,0,0.59,30.13,39,0,0,0,50,-- 
17/04/2021,12:33:18,2,3,3,555,160,15,0,0,0,19.78791714,101920,28,11,95,76,10,25.36086571,37.9,2.25,20210417,10:00:00,62,52,57.2,49,0,120,49260,2,0,0.59,30.12,38,0,0,0,54,-- 
17/04/2021,13:33:49,3,5,5,681,215,18,3,0,0,22.79602275,101870,24,10,88,64,27,28.12032344,40.1,2.25,20210417,11:00:00,64,49,62.2,45,4,23,9670,2,0,0.59,30.12,39,0,4,4,57,-- 
17/04/2021,14:34:19,4,5,5,717,212,36,0,0,0,22.23110252,101840,23,9,87,58,14,27.23691713,38.5,2.25,20210417,12:00:00,69,46,62.5,42,2,45,9120,2,0,0.59,30.12,37,0,2,2,58,-- 
17/04/2021,15:34:49,3,4,4,819,239,24,1,0,0,18.22400642,101780,24,14,107,98,0,23.97046598,36.9,2.25,20210417,13:00:00,69,46,65.6,37,1,63,82250,2,0,0.59,30.11,37,0,1,1,62,-- 
17/04/2021,16:35:19,3,4,4,714,210,19,0,0,0,17.51491149,101720,25,16,112,113,1,23.14109257,35.8,2.25,20210417,14:00:00,70,45,71.2,32,2,313,85880,3,0,0.59,30.1,38,0,2,2,67,-- 
17/04/2021,17:35:49,4,5,5,786,227,31,0,0,0,17.350437,101680,25,13,98,85,0,23.36568716,36.9,2.25,20210417,15:00:00,71,46,70.1,36,2,37,21250,2,0,0.59,30.08,41,0,2,2,67,-- 
17/04/2021,18:36:19,4,4,4,729,205,21,0,0,0,17.18701249,101630,27,13,98,83,0,23.06793172,36.3,2.25,20210417,16:00:00,72,46,68.5,33,2,68,5140,2,0,0.59,30.06,37,0,2,1,64,-- 
17/04/2021,19:36:49,3,4,4,729,209,16,1,0,0,15.65170487,101580,32,12,102,84,0,21.51271876,34.7,2.25,20210417,17:00:00,73,45,68.6,31,3,11,4690,2,0,0.59,30.05,36,0,3,3,63,-- 
17/04/2021,20:37:18,2,3,3,753,212,26,0,0,0,13.20389541,101590,36,17,121,120,0,18.98731221,32,2.25,20210417,18:00:00,72,44,69.3,32,2,11,3700,1,0,0.59,30.04,37,0,2,2,65,-- 
17/04/2021,21:37:48,4,5,7,891,244,25,2,2,2,11.34569924,101620,37,21,122,135,0,17.88548409,32.6,2.25,20210417,19:00:00,72,44,69.3,31,1,4,3620,2,0,0.59,30.02,36,0,1,1,65,-- 
17/04/2021,22:38:19,4,5,5,951,272,31,0,0,0,10.55731794,101640,35,24,127,153,0,17.00122011,31.5,2.25,20210417,20:00:00,71,47,62.1,45,2,17,660,0,0,0.59,30.01,39,0,2,1,58,-- 
17/04/2021,23:38:48,4,5,7,876,254,39,3,1,1,9.802172512,101650,41,24,132,156,0,16.13996559,30.4,2.25,20210417,21:00:00,71,48,57.7,50,2,10,0,0,0,0.59,30.02,38,0,2,1,54,-- 
